{"oElements":{"0":{"nParent":9,"sClass":"ViewPath","bIsMovable":false,"nX":0,"nY":0,"sPath":"M0,130h10v20h90v-20h10h-10v-30h10h-10v-40h10h-10v-50h10h-10v-10h-90v20h-10h10v50h-10h10v60z"},"1":{"nParent":9,"sClass":"InputPort","bIsMovable":true,"nX":0,"nY":130},"2":{"nParent":9,"sClass":"InputPort","bIsMovable":true,"nX":0,"nY":70},"3":{"nParent":9,"sClass":"InputPort","bIsMovable":true,"nX":0,"nY":20},"4":{"nParent":9,"sClass":"OutputPort","bIsMovable":true,"nX":110,"nY":10},"5":{"nParent":9,"sClass":"OutputPort","bIsMovable":true,"nX":110,"nY":60},"6":{"nParent":9,"sClass":"OutputPort","bIsMovable":true,"nX":110,"nY":100},"7":{"nParent":9,"sClass":"OutputPort","bIsMovable":true,"nX":110,"nY":130},"8":{"nParent":9,"sClass":"NameText","bIsMovable":false,"nX":50,"nY":70,"sText":"CPU"},"9":{"sClass":"Chip","aElements":[0,1,2,3,4,5,6,7,8],"nX":270,"nY":100},"10":{"nParent":14,"sClass":"ViewPath","bIsMovable":false,"nX":0,"nY":0,"sPath":"M0,90h20v110h110v-110h20h-20v-90h-110v90z"},"11":{"nParent":14,"sClass":"InputPort","bIsMovable":true,"nX":0,"nY":90},"12":{"nParent":14,"sClass":"OutputPort","bIsMovable":true,"nX":150,"nY":90},"13":{"nParent":14,"sClass":"NameText","bIsMovable":false,"nX":75,"nY":85,"sText":"ROM32K"},"14":{"sClass":"Chip","aElements":[10,11,12,13],"nX":60,"nY":80},"15":{"nParent":21,"sClass":"ViewPath","bIsMovable":false,"nX":0,"nY":0,"sPath":"M0,120h20v60h-20h20v110h130v-140h10h-10v-130h-60v-20v20h-70v100z"},"16":{"nParent":21,"sClass":"InputPort","bIsMovable":true,"nX":0,"nY":120},"17":{"nParent":21,"sClass":"InputPort","bIsMovable":true,"nX":0,"nY":180},"18":{"nParent":21,"sClass":"InputPort","bIsMovable":true,"nX":90,"nY":0},"19":{"nParent":21,"sClass":"OutputPort","bIsMovable":true,"nX":160,"nY":150},"20":{"nParent":21,"sClass":"NameText","bIsMovable":false,"nX":85,"nY":140,"sText":"Data Memory"},"21":{"sClass":"Chip","aElements":[15,16,17,18,19,20],"nX":430,"nY":40},"22":{"sClass":"InputPort","bIsMovable":true,"nX":220,"nY":360},"23":{"nParent":22,"sClass":"NameText","bIsMovable":true,"nX":0,"nY":-10,"sText":"reset"},"24":{"sClass":"WirePoint","bIsMovable":true,"nX":380,"nY":40},"25":{"sClass":"WireLine","nPoint1":4,"nPoint2":24},"26":{"sClass":"WireLine","nPoint1":24,"nPoint2":18},"27":{"sClass":"WireLine","nPoint1":5,"nPoint2":16},"32":{"sClass":"WirePoint","bIsMovable":true,"nX":430,"nY":200},"33":{"sClass":"WireLine","nPoint1":6,"nPoint2":32},"34":{"sClass":"WireLine","nPoint1":32,"nPoint2":17},"39":{"nParent":27,"sClass":"NameText","bIsMovable":true,"nX":25,"nY":10,"sText":"outM"},"40":{"sClass":"ChipNameText","bIsMovable":true,"nX":-160,"nY":-80,"sText":"ComputerChip"},"41":{"nParent":33,"sClass":"NameText","bIsMovable":true,"nX":20,"nY":10,"sText":"addressM"},"42":{"nParent":26,"sClass":"NameText","bIsMovable":true,"nX":60,"nY":-10,"sText":"WriteM"},"43":{"sClass":"WirePoint","bIsMovable":true,"nX":220,"nY":230},"44":{"sClass":"WireLine","nPoint1":22,"nPoint2":43},"45":{"sClass":"WireLine","nPoint1":43,"nPoint2":1},"46":{"sClass":"WireLine","nPoint1":12,"nPoint2":2},"47":{"sClass":"WirePoint","bIsMovable":true,"nX":630,"nY":190},"48":{"sClass":"WireLine","nPoint1":19,"nPoint2":47},"49":{"sClass":"WirePoint","bIsMovable":true,"nX":630,"nY":10},"50":{"sClass":"WirePoint","bIsMovable":true,"nX":630,"nY":190},"51":{"sClass":"WireLine","nPoint1":47,"nPoint2":50},"52":{"sClass":"WireLine","nPoint1":50,"nPoint2":49},"53":{"sClass":"WirePoint","bIsMovable":true,"nX":270,"nY":10},"54":{"sClass":"WireLine","nPoint1":49,"nPoint2":53},"55":{"sClass":"WireLine","nPoint1":53,"nPoint2":3},"56":{"nParent":54,"sClass":"NameText","bIsMovable":true,"nX":-310,"nY":-10,"sText":"inM"},"57":{"sClass":"WirePoint","bIsMovable":true,"nX":380,"nY":320},"58":{"sClass":"WireLine","nPoint1":7,"nPoint2":57},"59":{"sClass":"WirePoint","bIsMovable":true,"nX":60,"nY":320},"60":{"sClass":"WireLine","nPoint1":57,"nPoint2":59},"61":{"sClass":"WireLine","nPoint1":59,"nPoint2":11},"62":{"nParent":60,"sClass":"NameText","bIsMovable":true,"nX":-100,"nY":-10,"sText":"pc"},"63":{"nParent":65,"sClass":"ViewPath","bIsMovable":false,"nX":0,"nY":0,"sPath":"M-2,5l4,-10"},"64":{"nParent":65,"sClass":"NameText","bIsMovable":false,"nX":5,"nY":-10,"sText":"15"},"65":{"nParent":33,"sClass":"BitWidth","aElements":[63,64],"nPos":25},"66":{"nParent":68,"sClass":"ViewPath","bIsMovable":false,"nX":0,"nY":0,"sPath":"M-2,5l4,-10"},"67":{"nParent":68,"sClass":"NameText","bIsMovable":false,"nX":5,"nY":-10,"sText":"16"},"68":{"nParent":27,"sClass":"BitWidth","aElements":[66,67],"nPos":20},"69":{"nParent":71,"sClass":"ViewPath","bIsMovable":false,"nX":0,"nY":0,"sPath":"M-2,5l4,-10"},"70":{"nParent":71,"sClass":"NameText","bIsMovable":false,"nX":5,"nY":-10,"sText":"16"},"71":{"nParent":48,"sClass":"BitWidth","aElements":[69,70],"nPos":15}},"aChips":[{"sPath":"M0,130h10v20h90v-20h10h-10v-30h10h-10v-40h10h-10v-50h10h-10v-10h-90v20h-10h10v50h-10h10v60z","aInputs":[{"nX":0,"nY":130},{"nX":0,"nY":70},{"nX":0,"nY":20}],"aOutputs":[{"nX":110,"nY":10},{"nX":110,"nY":60},{"nX":110,"nY":100},{"nX":110,"nY":130}],"oName":{"nX":50,"nY":70,"sText":"CPU"},"nHeight":150,"nWidth":110},{"sPath":"M0,90h20v110h110v-110h20h-20v-90h-110v90z","aInputs":[{"nX":0,"nY":90}],"aOutputs":[{"nX":150,"nY":90}],"oName":{"nX":75,"nY":85,"sText":"ROM32K"},"nHeight":200,"nWidth":150},{"sPath":"M0,120h20v60h-20h20v110h130v-140h10h-10v-130h-60v-20v20h-70v100z","aInputs":[{"nX":0,"nY":120},{"nX":0,"nY":180},{"nX":90,"nY":0}],"aOutputs":[{"nX":160,"nY":150}],"oName":{"nX":85,"nY":140,"sText":"Data Memory"},"nHeight":290,"nWidth":160}]}