{"oElements":{"268":{"sClass":"InputPort","bIsMovable":true,"nX":360,"nY":220},"269":{"sClass":"InputPort","bIsMovable":true,"nX":360,"nY":240},"270":{"sClass":"InputPort","bIsMovable":true,"nX":690,"nY":320},"271":{"nParent":270,"sClass":"NameText","bIsMovable":true,"nX":0,"nY":-10,"sText":"reset"},"272":{"nParent":269,"sClass":"NameText","bIsMovable":true,"nX":0,"nY":-10,"sText":"inM"},"273":{"nParent":268,"sClass":"NameText","bIsMovable":true,"nX":0,"nY":-10,"sText":"Instruction"},"274":{"nParent":278,"sClass":"ViewPath","bIsMovable":false,"nX":0,"nY":0,"sPath":"M0,30h10v-30l50,30a5,5,0,0,0,10,0h10h-10a5,5,0,0,0,-10,0l-50,30v-30z"},"275":{"nParent":278,"sClass":"InputPort","bIsMovable":false,"nX":0,"nY":30},"276":{"nParent":278,"sClass":"OutputPort","bIsMovable":false,"nX":80,"nY":30},"277":{"nParent":278,"sClass":"NameText","bIsMovable":false,"nX":30,"nY":30,"sText":"Not"},"278":{"sClass":"NotChip","aElements":[274,275,276,277],"nX":420,"nY":80},"279":{"nParent":284,"sClass":"ViewPath","bIsMovable":false,"nX":0,"nY":0,"sPath":"M0,10h15M0,50h15M20,30q0,-15,-10,-30q40,0,60,30h10h-10q-20,30,-60,30q10,-15,10,-30z"},"280":{"nParent":284,"sClass":"InputPort","bIsMovable":false,"nX":0,"nY":10},"281":{"nParent":284,"sClass":"InputPort","bIsMovable":false,"nX":0,"nY":50},"282":{"nParent":284,"sClass":"OutputPort","bIsMovable":false,"nX":80,"nY":30},"283":{"nParent":284,"sClass":"NameText","bIsMovable":false,"nX":40,"nY":30,"sText":"Or"},"284":{"sClass":"OrChip","aElements":[279,280,281,282,283],"nX":560,"nY":40},"285":{"nParent":290,"sClass":"ViewPath","bIsMovable":false,"nX":0,"nY":0,"sPath":"M0,10h10v-10h30q30,0,30,30h10h-10q0,30,-30,30h-30v-10h-10h10v-40z"},"286":{"nParent":290,"sClass":"InputPort","bIsMovable":false,"nX":0,"nY":10},"287":{"nParent":290,"sClass":"InputPort","bIsMovable":false,"nX":0,"nY":50},"288":{"nParent":290,"sClass":"OutputPort","bIsMovable":false,"nX":80,"nY":30},"289":{"nParent":290,"sClass":"NameText","bIsMovable":false,"nX":40,"nY":30,"sText":"And"},"290":{"sClass":"AndChip","aElements":[285,286,287,288,289],"nX":420,"nY":0},"291":{"nParent":296,"sClass":"ViewPath","bIsMovable":false,"nX":0,"nY":0,"sPath":"M0,10h10v-10h30q30,0,30,30h10h-10q0,30,-30,30h-30v-10h-10h10v-40z"},"292":{"nParent":296,"sClass":"InputPort","bIsMovable":false,"nX":0,"nY":10},"293":{"nParent":296,"sClass":"InputPort","bIsMovable":false,"nX":0,"nY":50},"294":{"nParent":296,"sClass":"OutputPort","bIsMovable":false,"nX":80,"nY":30},"295":{"nParent":296,"sClass":"NameText","bIsMovable":false,"nX":40,"nY":30,"sText":"And"},"296":{"sClass":"AndChip","aElements":[291,292,293,294,295],"nX":420,"nY":-80},"297":{"nParent":302,"sClass":"ViewPath","bIsMovable":false,"nX":0,"nY":0,"sPath":"M0,10h10v-10h30q30,0,30,30h10h-10q0,30,-30,30h-30v-10h-10h10v-40z"},"298":{"nParent":302,"sClass":"InputPort","bIsMovable":false,"nX":0,"nY":10},"299":{"nParent":302,"sClass":"InputPort","bIsMovable":false,"nX":0,"nY":50},"300":{"nParent":302,"sClass":"OutputPort","bIsMovable":false,"nX":80,"nY":30},"301":{"nParent":302,"sClass":"NameText","bIsMovable":false,"nX":40,"nY":30,"sText":"And"},"302":{"sClass":"AndChip","aElements":[297,298,299,300,301],"nX":420,"nY":-150},"303":{"nParent":309,"sClass":"ViewPath","bIsMovable":false,"nX":0,"nY":0,"sPath":"M0,20h10v-10l20,7v-17v17l20,7v16h10h-10v16l-40,14v-10h-10h10v-40z"},"304":{"nParent":309,"sClass":"InputPort","bIsMovable":false,"nX":0,"nY":20},"305":{"nParent":309,"sClass":"InputPort","bIsMovable":false,"nX":0,"nY":60},"306":{"nParent":309,"sClass":"InputPort","bIsMovable":false,"nX":30,"nY":0},"307":{"nParent":309,"sClass":"OutputPort","bIsMovable":false,"nX":60,"nY":40},"308":{"nParent":309,"sClass":"NameText","bIsMovable":false,"nX":30,"nY":40,"sText":"Mux16"},"309":{"sClass":"MuxChip","aElements":[303,304,305,306,307,308],"nX":710,"nY":160},"310":{"nParent":315,"sClass":"ViewPath","bIsMovable":false,"nX":0,"nY":0,"sPath":"M50,0v10h40v20h10h-10v20h-80v-20h-10h10v-20h40zM40,50l10,-10l10,10"},"311":{"nParent":315,"sClass":"InputPort","bIsMovable":false,"nX":0,"nY":30},"312":{"nParent":315,"sClass":"InputPort","bIsMovable":false,"nX":50,"nY":0},"313":{"nParent":315,"sClass":"OutputPort","bIsMovable":false,"nX":100,"nY":30},"314":{"nParent":315,"sClass":"NameText","bIsMovable":false,"nX":50,"nY":30,"sText":"Register A"},"315":{"sClass":"RegisterChip","aElements":[310,311,312,313,314],"nX":850,"nY":170},"316":{"sClass":"WirePoint","bIsMovable":true,"nX":420,"nY":220},"319":{"sClass":"WirePoint","bIsMovable":true,"nX":500,"nY":50},"320":{"sClass":"WireLine","nPoint1":288,"nPoint2":319},"321":{"sClass":"WireLine","nPoint1":319,"nPoint2":280},"328":{"sClass":"WirePoint","bIsMovable":true,"nX":500,"nY":90},"329":{"sClass":"WireLine","nPoint1":276,"nPoint2":328},"330":{"sClass":"WireLine","nPoint1":328,"nPoint2":281},"334":{"sClass":"WireLine","nPoint1":316,"nPoint2":305},"335":{"sClass":"WireLine","nPoint1":307,"nPoint2":311},"336":{"nParent":342,"sClass":"ViewPath","bIsMovable":false,"nX":0,"nY":0,"sPath":"M0,20h10v-10l20,7v-17v17l20,7v16h10h-10v16l-40,14v-10h-10h10v-40z"},"337":{"nParent":342,"sClass":"InputPort","bIsMovable":false,"nX":0,"nY":20},"338":{"nParent":342,"sClass":"InputPort","bIsMovable":false,"nX":0,"nY":60},"339":{"nParent":342,"sClass":"InputPort","bIsMovable":false,"nX":30,"nY":0},"340":{"nParent":342,"sClass":"OutputPort","bIsMovable":false,"nX":60,"nY":40},"341":{"nParent":342,"sClass":"NameText","bIsMovable":false,"nX":30,"nY":40,"sText":"Mux16"},"342":{"sClass":"MuxChip","aElements":[336,337,338,339,340,341],"nX":1050,"nY":180},"346":{"sClass":"WireLine","nPoint1":269,"nPoint2":338},"347":{"sClass":"WireLine","nPoint1":313,"nPoint2":337},"356":{"sClass":"WirePoint","bIsMovable":true,"nX":900,"nY":70},"357":{"sClass":"WireLine","nPoint1":282,"nPoint2":356},"358":{"sClass":"WireLine","nPoint1":356,"nPoint2":312},"359":{"nParent":364,"sClass":"ViewPath","bIsMovable":false,"nX":0,"nY":0,"sPath":"M50,0v10h40v20h10h-10v20h-80v-20h-10h10v-20h40zM40,50l10,-10l10,10"},"360":{"nParent":364,"sClass":"InputPort","bIsMovable":false,"nX":0,"nY":30},"361":{"nParent":364,"sClass":"InputPort","bIsMovable":false,"nX":50,"nY":0},"362":{"nParent":364,"sClass":"OutputPort","bIsMovable":false,"nX":100,"nY":30},"363":{"nParent":364,"sClass":"NameText","bIsMovable":false,"nX":50,"nY":30,"sText":"Register D"},"364":{"sClass":"RegisterChip","aElements":[359,360,361,362,363],"nX":960,"nY":60},"368":{"sClass":"WirePoint","bIsMovable":true,"nX":960,"nY":30},"375":{"sClass":"WirePoint","bIsMovable":true,"nX":960,"nY":30},"376":{"sClass":"WireLine","nPoint1":360,"nPoint2":375},"377":{"sClass":"WireLine","nPoint1":375,"nPoint2":368},"378":{"sClass":"WirePoint","bIsMovable":true,"nX":710,"nY":30},"379":{"sClass":"WireLine","nPoint1":375,"nPoint2":378},"380":{"sClass":"WireLine","nPoint1":378,"nPoint2":304},"381":{"nParent":385,"sClass":"ViewPath","bIsMovable":false,"nX":0,"nY":0,"sPath":"M0,30h10v-30l50,30a5,5,0,0,0,10,0h10h-10a5,5,0,0,0,-10,0l-50,30v-30z"},"382":{"nParent":385,"sClass":"InputPort","bIsMovable":false,"nX":0,"nY":30},"383":{"nParent":385,"sClass":"OutputPort","bIsMovable":false,"nX":80,"nY":30},"384":{"nParent":385,"sClass":"NameText","bIsMovable":false,"nX":30,"nY":30,"sText":"Not"},"385":{"sClass":"NotChip","aElements":[381,382,383,384],"nX":420,"nY":290},"386":{"nParent":390,"sClass":"ViewPath","bIsMovable":false,"nX":0,"nY":0,"sPath":"M0,30h10v-30l50,30a5,5,0,0,0,10,0h10h-10a5,5,0,0,0,-10,0l-50,30v-30z"},"387":{"nParent":390,"sClass":"InputPort","bIsMovable":false,"nX":0,"nY":30},"388":{"nParent":390,"sClass":"OutputPort","bIsMovable":false,"nX":80,"nY":30},"389":{"nParent":390,"sClass":"NameText","bIsMovable":false,"nX":30,"nY":30,"sText":"Not"},"390":{"sClass":"NotChip","aElements":[386,387,388,389],"nX":420,"nY":370},"392":{"nParent":397,"sClass":"ViewPath","bIsMovable":false,"nX":0,"nY":0,"sPath":"M0,10h10v-10h30q30,0,30,30h10h-10q0,30,-30,30h-30v-10h-10h10v-40z"},"393":{"nParent":397,"sClass":"InputPort","bIsMovable":false,"nX":0,"nY":10},"394":{"nParent":397,"sClass":"InputPort","bIsMovable":false,"nX":0,"nY":50},"395":{"nParent":397,"sClass":"OutputPort","bIsMovable":false,"nX":80,"nY":30},"396":{"nParent":397,"sClass":"NameText","bIsMovable":false,"nX":40,"nY":30,"sText":"And"},"397":{"sClass":"AndChip","aElements":[392,393,394,395,396],"nX":550,"nY":330},"408":{"sClass":"WirePoint","bIsMovable":true,"nX":500,"nY":340},"409":{"sClass":"WireLine","nPoint1":383,"nPoint2":408},"410":{"sClass":"WireLine","nPoint1":408,"nPoint2":393},"414":{"sClass":"WirePoint","bIsMovable":true,"nX":500,"nY":380},"415":{"sClass":"WireLine","nPoint1":388,"nPoint2":414},"416":{"sClass":"WireLine","nPoint1":414,"nPoint2":394},"417":{"nParent":422,"sClass":"ViewPath","bIsMovable":false,"nX":0,"nY":0,"sPath":"M0,10h10v-10h30q30,0,30,30h10h-10q0,30,-30,30h-30v-10h-10h10v-40z"},"418":{"nParent":422,"sClass":"InputPort","bIsMovable":false,"nX":0,"nY":10},"419":{"nParent":422,"sClass":"InputPort","bIsMovable":false,"nX":0,"nY":50},"420":{"nParent":422,"sClass":"OutputPort","bIsMovable":false,"nX":80,"nY":30},"421":{"nParent":422,"sClass":"NameText","bIsMovable":false,"nX":40,"nY":30,"sText":"And"},"422":{"sClass":"AndChip","aElements":[417,418,419,420,421],"nX":420,"nY":470},"424":{"nParent":429,"sClass":"ViewPath","bIsMovable":false,"nX":0,"nY":0,"sPath":"M0,10h10v-10h30q30,0,30,30h10h-10q0,30,-30,30h-30v-10h-10h10v-40z"},"425":{"nParent":429,"sClass":"InputPort","bIsMovable":false,"nX":0,"nY":10},"426":{"nParent":429,"sClass":"InputPort","bIsMovable":false,"nX":0,"nY":50},"427":{"nParent":429,"sClass":"OutputPort","bIsMovable":false,"nX":80,"nY":30},"428":{"nParent":429,"sClass":"NameText","bIsMovable":false,"nX":40,"nY":30,"sText":"And"},"429":{"sClass":"AndChip","aElements":[424,425,426,427,428],"nX":710,"nY":400},"430":{"sClass":"WirePoint","bIsMovable":true,"nX":500,"nY":450},"431":{"sClass":"WireLine","nPoint1":420,"nPoint2":430},"432":{"sClass":"WireLine","nPoint1":430,"nPoint2":426},"437":{"sClass":"WirePoint","bIsMovable":true,"nX":630,"nY":410},"438":{"sClass":"WireLine","nPoint1":395,"nPoint2":437},"439":{"sClass":"WireLine","nPoint1":437,"nPoint2":425},"444":{"nParent":449,"sClass":"ViewPath","bIsMovable":false,"nX":0,"nY":0,"sPath":"M0,10h10v-10h30q30,0,30,30h10h-10q0,30,-30,30h-30v-10h-10h10v-40z"},"445":{"nParent":449,"sClass":"InputPort","bIsMovable":false,"nX":0,"nY":10},"446":{"nParent":449,"sClass":"InputPort","bIsMovable":false,"nX":0,"nY":50},"447":{"nParent":449,"sClass":"OutputPort","bIsMovable":false,"nX":80,"nY":30},"448":{"nParent":449,"sClass":"NameText","bIsMovable":false,"nX":40,"nY":30,"sText":"And"},"449":{"sClass":"AndChip","aElements":[444,445,446,447,448],"nX":420,"nY":580},"450":{"nParent":455,"sClass":"ViewPath","bIsMovable":false,"nX":0,"nY":0,"sPath":"M0,10h10v-10h30q30,0,30,30h10h-10q0,30,-30,30h-30v-10h-10h10v-40z"},"451":{"nParent":455,"sClass":"InputPort","bIsMovable":false,"nX":0,"nY":10},"452":{"nParent":455,"sClass":"InputPort","bIsMovable":false,"nX":0,"nY":50},"453":{"nParent":455,"sClass":"OutputPort","bIsMovable":false,"nX":80,"nY":30},"454":{"nParent":455,"sClass":"NameText","bIsMovable":false,"nX":40,"nY":30,"sText":"And"},"455":{"sClass":"AndChip","aElements":[450,451,452,453,454],"nX":570,"nY":540},"456":{"nParent":461,"sClass":"ViewPath","bIsMovable":false,"nX":0,"nY":0,"sPath":"M0,10h10v-10h30q30,0,30,30h10h-10q0,30,-30,30h-30v-10h-10h10v-40z"},"457":{"nParent":461,"sClass":"InputPort","bIsMovable":false,"nX":0,"nY":10},"458":{"nParent":461,"sClass":"InputPort","bIsMovable":false,"nX":0,"nY":50},"459":{"nParent":461,"sClass":"OutputPort","bIsMovable":false,"nX":80,"nY":30},"460":{"nParent":461,"sClass":"NameText","bIsMovable":false,"nX":40,"nY":30,"sText":"And"},"461":{"sClass":"AndChip","aElements":[456,457,458,459,460],"nX":420,"nY":700},"462":{"nParent":467,"sClass":"ViewPath","bIsMovable":false,"nX":0,"nY":0,"sPath":"M0,10h10v-10h30q30,0,30,30h10h-10q0,30,-30,30h-30v-10h-10h10v-40z"},"463":{"nParent":467,"sClass":"InputPort","bIsMovable":false,"nX":0,"nY":10},"464":{"nParent":467,"sClass":"InputPort","bIsMovable":false,"nX":0,"nY":50},"465":{"nParent":467,"sClass":"OutputPort","bIsMovable":false,"nX":80,"nY":30},"466":{"nParent":467,"sClass":"NameText","bIsMovable":false,"nX":40,"nY":30,"sText":"And"},"467":{"sClass":"AndChip","aElements":[462,463,464,465,466],"nX":570,"nY":660},"489":{"sClass":"WirePoint","bIsMovable":true,"nX":500,"nY":710},"490":{"sClass":"WireLine","nPoint1":459,"nPoint2":489},"491":{"sClass":"WireLine","nPoint1":489,"nPoint2":464},"492":{"sClass":"WirePoint","bIsMovable":true,"nX":500,"nY":590},"493":{"sClass":"WireLine","nPoint1":447,"nPoint2":492},"494":{"sClass":"WireLine","nPoint1":492,"nPoint2":452},"495":{"sClass":"WirePoint","bIsMovable":true,"nX":1010,"nY":-50},"496":{"sClass":"WireLine","nPoint1":294,"nPoint2":495},"497":{"sClass":"WireLine","nPoint1":495,"nPoint2":361},"498":{"nParent":503,"sClass":"ViewPath","bIsMovable":false,"nX":0,"nY":0,"sPath":"M0,10h15M0,50h15M20,30q0,-15,-10,-30q40,0,60,30h10h-10q-20,30,-60,30q10,-15,10,-30z"},"499":{"nParent":503,"sClass":"InputPort","bIsMovable":false,"nX":0,"nY":10},"500":{"nParent":503,"sClass":"InputPort","bIsMovable":false,"nX":0,"nY":50},"501":{"nParent":503,"sClass":"OutputPort","bIsMovable":false,"nX":80,"nY":30},"502":{"nParent":503,"sClass":"NameText","bIsMovable":false,"nX":40,"nY":30,"sText":"Or"},"503":{"sClass":"OrChip","aElements":[498,499,500,501,502],"nX":710,"nY":590},"504":{"sClass":"WirePoint","bIsMovable":true,"nX":650,"nY":600},"505":{"sClass":"WireLine","nPoint1":453,"nPoint2":504},"506":{"sClass":"WireLine","nPoint1":504,"nPoint2":499},"507":{"sClass":"WirePoint","bIsMovable":true,"nX":650,"nY":640},"508":{"sClass":"WireLine","nPoint1":465,"nPoint2":507},"509":{"sClass":"WireLine","nPoint1":507,"nPoint2":500},"510":{"nParent":515,"sClass":"ViewPath","bIsMovable":false,"nX":0,"nY":0,"sPath":"M0,10h15M0,50h15M20,30q0,-15,-10,-30q40,0,60,30h10h-10q-20,30,-60,30q10,-15,10,-30z"},"511":{"nParent":515,"sClass":"InputPort","bIsMovable":false,"nX":0,"nY":10},"512":{"nParent":515,"sClass":"InputPort","bIsMovable":false,"nX":0,"nY":50},"513":{"nParent":515,"sClass":"OutputPort","bIsMovable":false,"nX":80,"nY":30},"514":{"nParent":515,"sClass":"NameText","bIsMovable":false,"nX":40,"nY":30,"sText":"Or"},"515":{"sClass":"OrChip","aElements":[510,511,512,513,514],"nX":870,"nY":500},"520":{"sClass":"OutputPort","bIsMovable":true,"nX":1480,"nY":90},"521":{"sClass":"OutputPort","bIsMovable":true,"nX":1500,"nY":430},"522":{"sClass":"OutputPort","bIsMovable":true,"nX":1500,"nY":350},"523":{"nParent":520,"sClass":"NameText","bIsMovable":true,"nX":0,"nY":-10,"sText":"outM"},"524":{"nParent":522,"sClass":"NameText","bIsMovable":true,"nX":0,"nY":-10,"sText":"adressM"},"525":{"nParent":521,"sClass":"NameText","bIsMovable":true,"nX":0,"nY":-10,"sText":"PC"},"526":{"sClass":"ChipNameText","bIsMovable":true,"nX":1480,"nY":-60,"sText":""},"527":{"sClass":"OutputPort","bIsMovable":true,"nX":1490,"nY":-60},"528":{"nParent":527,"sClass":"NameText","bIsMovable":true,"nX":0,"nY":-10,"sText":"WriteM"},"529":{"sClass":"WirePoint","bIsMovable":true,"nX":500,"nY":-60},"530":{"sClass":"WireLine","nPoint1":300,"nPoint2":529},"538":{"sClass":"WirePoint","bIsMovable":true,"nX":740,"nY":-60},"539":{"sClass":"WireLine","nPoint1":529,"nPoint2":538},"543":{"sClass":"WirePoint","bIsMovable":true,"nX":1080,"nY":-60},"544":{"sClass":"WireLine","nPoint1":538,"nPoint2":543},"545":{"sClass":"WireLine","nPoint1":543,"nPoint2":527},"554":{"sClass":"WirePoint","bIsMovable":true,"nX":1160,"nY":90},"555":{"sClass":"WireLine","nPoint1":362,"nPoint2":554},"559":{"sClass":"WirePoint","bIsMovable":true,"nX":1160,"nY":220},"560":{"sClass":"WireLine","nPoint1":340,"nPoint2":559},"561":{"sClass":"WirePoint","bIsMovable":true,"nX":1000,"nY":200},"564":{"sClass":"WirePoint","bIsMovable":true,"nX":1000,"nY":350},"565":{"sClass":"WireLine","nPoint1":561,"nPoint2":564},"567":{"sClass":"WireLine","nPoint1":522,"nPoint2":564},"577":{"sClass":"WirePoint","bIsMovable":true,"nX":420,"nY":150},"579":{"sClass":"WireLine","nPoint1":577,"nPoint2":298},"582":{"nParent":590,"sClass":"ViewPath","bIsMovable":false,"nX":0,"nY":0,"sPath":"M0,30h20v60h-20h20v70h-20h20v40h100v-40h30h-30v-70h30h-30v-60h30h-30v-30h-100v30z"},"583":{"nParent":590,"sClass":"InputPort","bIsMovable":true,"nX":0,"nY":30},"584":{"nParent":590,"sClass":"InputPort","bIsMovable":true,"nX":0,"nY":90},"585":{"nParent":590,"sClass":"InputPort","bIsMovable":true,"nX":0,"nY":160},"586":{"nParent":590,"sClass":"OutputPort","bIsMovable":true,"nX":150,"nY":30},"587":{"nParent":590,"sClass":"OutputPort","bIsMovable":true,"nX":150,"nY":90},"588":{"nParent":590,"sClass":"OutputPort","bIsMovable":true,"nX":150,"nY":160},"589":{"nParent":590,"sClass":"NameText","bIsMovable":false,"nX":70,"nY":95,"sText":"ALU"},"590":{"sClass":"Chip","aElements":[582,583,584,585,586,587,588,589],"nX":1160,"nY":60},"591":{"sClass":"WirePoint","bIsMovable":true,"nX":420,"nY":150},"592":{"sClass":"WireLine","nPoint1":316,"nPoint2":591},"593":{"sClass":"WireLine","nPoint1":591,"nPoint2":577},"595":{"sClass":"WireLine","nPoint1":586,"nPoint2":520},"600":{"sClass":"WirePoint","bIsMovable":true,"nX":1310,"nY":270},"601":{"sClass":"WireLine","nPoint1":588,"nPoint2":600},"602":{"sClass":"WirePoint","bIsMovable":true,"nX":400,"nY":270},"603":{"sClass":"WirePoint","bIsMovable":true,"nX":1310,"nY":270},"604":{"sClass":"WireLine","nPoint1":600,"nPoint2":603},"605":{"sClass":"WireLine","nPoint1":603,"nPoint2":602},"606":{"sClass":"WirePoint","bIsMovable":true,"nX":390,"nY":400},"607":{"sClass":"WirePoint","bIsMovable":true,"nX":390,"nY":270},"608":{"sClass":"WireLine","nPoint1":602,"nPoint2":607},"609":{"sClass":"WireLine","nPoint1":607,"nPoint2":606},"610":{"sClass":"WireLine","nPoint1":606,"nPoint2":387},"611":{"sClass":"WirePoint","bIsMovable":true,"nX":390,"nY":670},"612":{"sClass":"WireLine","nPoint1":606,"nPoint2":611},"613":{"sClass":"WireLine","nPoint1":611,"nPoint2":463},"614":{"sClass":"WirePoint","bIsMovable":true,"nX":1330,"nY":150},"615":{"sClass":"WireLine","nPoint1":587,"nPoint2":614},"616":{"sClass":"WirePoint","bIsMovable":true,"nX":1330,"nY":280},"617":{"sClass":"WireLine","nPoint1":614,"nPoint2":616},"618":{"sClass":"WirePoint","bIsMovable":true,"nX":410,"nY":280},"619":{"sClass":"WirePoint","bIsMovable":true,"nX":1330,"nY":280},"620":{"sClass":"WireLine","nPoint1":616,"nPoint2":619},"621":{"sClass":"WireLine","nPoint1":619,"nPoint2":618},"622":{"sClass":"WirePoint","bIsMovable":true,"nX":410,"nY":320},"623":{"sClass":"WireLine","nPoint1":618,"nPoint2":622},"624":{"sClass":"WireLine","nPoint1":622,"nPoint2":382},"625":{"sClass":"WirePoint","bIsMovable":true,"nX":410,"nY":550},"626":{"sClass":"WireLine","nPoint1":622,"nPoint2":625},"627":{"sClass":"WireLine","nPoint1":625,"nPoint2":451},"628":{"sClass":"WirePoint","bIsMovable":true,"nX":380,"nY":220},"629":{"sClass":"WireLine","nPoint1":268,"nPoint2":628},"630":{"sClass":"WireLine","nPoint1":628,"nPoint2":316},"631":{"sClass":"WirePoint","bIsMovable":true,"nX":380,"nY":750},"632":{"sClass":"WirePoint","bIsMovable":true,"nX":380,"nY":220},"633":{"sClass":"WireLine","nPoint1":628,"nPoint2":632},"635":{"sClass":"WirePoint","bIsMovable":true,"nX":380,"nY":480},"636":{"sClass":"WireLine","nPoint1":632,"nPoint2":635},"638":{"sClass":"WireLine","nPoint1":418,"nPoint2":635},"639":{"sClass":"WirePoint","bIsMovable":true,"nX":380,"nY":520},"640":{"sClass":"WireLine","nPoint1":635,"nPoint2":639},"642":{"sClass":"WireLine","nPoint1":419,"nPoint2":639},"643":{"sClass":"WirePoint","bIsMovable":true,"nX":380,"nY":590},"644":{"sClass":"WireLine","nPoint1":639,"nPoint2":643},"646":{"sClass":"WireLine","nPoint1":445,"nPoint2":643},"647":{"sClass":"WirePoint","bIsMovable":true,"nX":380,"nY":630},"648":{"sClass":"WireLine","nPoint1":643,"nPoint2":647},"650":{"sClass":"WireLine","nPoint1":446,"nPoint2":647},"651":{"sClass":"WirePoint","bIsMovable":true,"nX":380,"nY":710},"652":{"sClass":"WireLine","nPoint1":647,"nPoint2":651},"653":{"sClass":"WireLine","nPoint1":651,"nPoint2":631},"654":{"sClass":"WireLine","nPoint1":457,"nPoint2":651},"655":{"sClass":"WireLine","nPoint1":458,"nPoint2":631},"656":{"nParent":663,"sClass":"ViewPath","bIsMovable":false,"nX":0,"nY":0,"sPath":"M230,50h-20v-30h-100v-20v20h-90v30h-20h20v30h50v20v-20h100v20v-20h40v-30z"},"657":{"nParent":663,"sClass":"InputPort","bIsMovable":true,"nX":110,"nY":0},"658":{"nParent":663,"sClass":"InputPort","bIsMovable":true,"nX":0,"nY":50},"659":{"nParent":663,"sClass":"InputPort","bIsMovable":true,"nX":70,"nY":100},"660":{"nParent":663,"sClass":"InputPort","bIsMovable":true,"nX":170,"nY":100},"661":{"nParent":663,"sClass":"OutputPort","bIsMovable":true,"nX":230,"nY":50},"662":{"nParent":663,"sClass":"NameText","bIsMovable":false,"nX":120,"nY":50,"sText":"Program Counter"},"663":{"sClass":"Chip","aElements":[656,657,658,659,660,661,662],"nX":1090,"nY":380},"664":{"sClass":"WirePoint","bIsMovable":true,"nX":870,"nY":510},"665":{"sClass":"WirePoint","bIsMovable":true,"nX":790,"nY":510},"666":{"sClass":"WireLine","nPoint1":427,"nPoint2":665},"667":{"sClass":"WireLine","nPoint1":665,"nPoint2":664},"668":{"sClass":"WirePoint","bIsMovable":true,"nX":790,"nY":550},"669":{"sClass":"WireLine","nPoint1":501,"nPoint2":668},"670":{"sClass":"WireLine","nPoint1":668,"nPoint2":512},"671":{"nParent":675,"sClass":"ViewPath","bIsMovable":false,"nX":0,"nY":0,"sPath":"M0,30h10v-30l50,30a5,5,0,0,0,10,0h10h-10a5,5,0,0,0,-10,0l-50,30v-30z"},"672":{"nParent":675,"sClass":"InputPort","bIsMovable":false,"nX":0,"nY":30},"673":{"nParent":675,"sClass":"OutputPort","bIsMovable":false,"nX":80,"nY":30},"674":{"nParent":675,"sClass":"NameText","bIsMovable":false,"nX":30,"nY":30,"sText":"Not"},"675":{"sClass":"NotChip","aElements":[671,672,673,674],"nX":1170,"nY":500},"676":{"sClass":"WirePoint","bIsMovable":true,"nX":1160,"nY":530},"677":{"sClass":"WireLine","nPoint1":659,"nPoint2":676},"678":{"sClass":"WireLine","nPoint1":676,"nPoint2":513},"679":{"sClass":"WireLine","nPoint1":676,"nPoint2":672},"680":{"sClass":"WirePoint","bIsMovable":true,"nX":1260,"nY":530},"681":{"sClass":"WireLine","nPoint1":673,"nPoint2":680},"682":{"sClass":"WireLine","nPoint1":680,"nPoint2":660},"683":{"sClass":"WirePoint","bIsMovable":true,"nX":1090,"nY":430},"684":{"sClass":"WirePoint","bIsMovable":true,"nX":1000,"nY":430},"685":{"sClass":"WireLine","nPoint1":683,"nPoint2":684},"686":{"sClass":"WireLine","nPoint1":684,"nPoint2":564},"687":{"sClass":"WirePoint","bIsMovable":true,"nX":690,"nY":380},"688":{"sClass":"WireLine","nPoint1":270,"nPoint2":687},"689":{"sClass":"WireLine","nPoint1":687,"nPoint2":657},"690":{"sClass":"WirePoint","bIsMovable":true,"nX":1320,"nY":430},"691":{"sClass":"WireLine","nPoint1":661,"nPoint2":690},"692":{"sClass":"WireLine","nPoint1":690,"nPoint2":521},"693":{"sClass":"WirePoint","bIsMovable":true,"nX":740,"nY":150},"695":{"sClass":"WireLine","nPoint1":693,"nPoint2":591},"696":{"sClass":"WireLine","nPoint1":306,"nPoint2":693},"697":{"sClass":"WirePoint","bIsMovable":true,"nX":1080,"nY":150},"698":{"sClass":"WireLine","nPoint1":584,"nPoint2":697},"699":{"sClass":"WireLine","nPoint1":697,"nPoint2":693},"700":{"sClass":"WireLine","nPoint1":339,"nPoint2":697}},"aChips":[{"sPath":"M0,30h20v60h-20h20v70h-20h20v40h100v-40h30h-30v-70h30h-30v-60h30h-30v-30h-100v30z","aInputs":[{"nX":0,"nY":30},{"nX":0,"nY":90},{"nX":0,"nY":160}],"aOutputs":[{"nX":150,"nY":30},{"nX":150,"nY":90},{"nX":150,"nY":160}],"oName":{"nX":70,"nY":95,"sText":"ALU"},"nHeight":200,"nWidth":150},{"sPath":"M230,50h-20v-30h-100v-20v20h-90v30h-20h20v30h50v20v-20h100v20v-20h40v-30z","aInputs":[{"nX":110,"nY":0},{"nX":0,"nY":50},{"nX":70,"nY":100},{"nX":170,"nY":100}],"aOutputs":[{"nX":230,"nY":50}],"oName":{"nX":120,"nY":50,"sText":"Program Counter"},"nHeight":100,"nWidth":230}]}