{"oElements":{"0":{"nParent":7,"sClass":"ViewPath","bIsMovable":false,"nX":0,"nY":0,"sPath":"M0,40h20v40h-20h20v20h40v20v-20h40v-40h20h-20v-40h-40v-20v20h-40v20z"},"1":{"nParent":7,"sClass":"InputPort","bIsMovable":true,"nX":0,"nY":40},"2":{"nParent":7,"sClass":"InputPort","bIsMovable":true,"nX":0,"nY":80},"3":{"nParent":7,"sClass":"InputPort","bIsMovable":true,"nX":60,"nY":0},"4":{"nParent":7,"sClass":"OutputPort","bIsMovable":true,"nX":120,"nY":60},"5":{"nParent":7,"sClass":"OutputPort","bIsMovable":true,"nX":60,"nY":120},"6":{"nParent":7,"sClass":"NameText","bIsMovable":false,"nX":65,"nY":55,"sText":"Full Adder"},"7":{"sClass":"Chip","aElements":[0,1,2,3,4,5,6],"nX":310,"nY":110},"9":{"sClass":"WirePoint","bIsMovable":true,"nX":370,"nY":90},"10":{"sClass":"WireLine","nPoint1":9,"nPoint2":3},"11":{"nParent":10,"sClass":"NameText","bIsMovable":true,"nX":30,"nY":5,"sText":"0(false)"},"15":{"nParent":22,"sClass":"ViewPath","bIsMovable":false,"nX":0,"nY":0,"sPath":"M0,40h20v40h-20h20v20h40v20v-20h40v-40h20h-20v-40h-40v-20v20h-40v20z"},"16":{"nParent":22,"sClass":"InputPort","bIsMovable":true,"nX":0,"nY":40},"17":{"nParent":22,"sClass":"InputPort","bIsMovable":true,"nX":0,"nY":80},"18":{"nParent":22,"sClass":"InputPort","bIsMovable":true,"nX":60,"nY":0},"19":{"nParent":22,"sClass":"OutputPort","bIsMovable":true,"nX":120,"nY":60},"20":{"nParent":22,"sClass":"OutputPort","bIsMovable":true,"nX":60,"nY":120},"21":{"nParent":22,"sClass":"NameText","bIsMovable":false,"nX":65,"nY":55,"sText":"Full Adder"},"22":{"sClass":"Chip","aElements":[15,16,17,18,19,20,21],"nX":310,"nY":260},"39":{"nParent":46,"sClass":"ViewPath","bIsMovable":false,"nX":0,"nY":0,"sPath":"M0,40h20v40h-20h20v20h40v20v-20h40v-40h20h-20v-40h-40v-20v20h-40v20z"},"40":{"nParent":46,"sClass":"InputPort","bIsMovable":true,"nX":0,"nY":40},"41":{"nParent":46,"sClass":"InputPort","bIsMovable":true,"nX":0,"nY":80},"42":{"nParent":46,"sClass":"InputPort","bIsMovable":true,"nX":60,"nY":0},"43":{"nParent":46,"sClass":"OutputPort","bIsMovable":true,"nX":120,"nY":60},"44":{"nParent":46,"sClass":"OutputPort","bIsMovable":true,"nX":60,"nY":120},"45":{"nParent":46,"sClass":"NameText","bIsMovable":false,"nX":65,"nY":55,"sText":"Full Adder"},"46":{"sClass":"Chip","aElements":[39,40,41,42,43,44,45],"nX":310,"nY":410},"71":{"nParent":78,"sClass":"ViewPath","bIsMovable":false,"nX":0,"nY":0,"sPath":"M0,40h20v40h-20h20v20h40v20v-20h40v-40h20h-20v-40h-40v-20v20h-40v20z"},"72":{"nParent":78,"sClass":"InputPort","bIsMovable":true,"nX":0,"nY":40},"73":{"nParent":78,"sClass":"InputPort","bIsMovable":true,"nX":0,"nY":80},"74":{"nParent":78,"sClass":"InputPort","bIsMovable":true,"nX":60,"nY":0},"75":{"nParent":78,"sClass":"OutputPort","bIsMovable":true,"nX":120,"nY":60},"76":{"nParent":78,"sClass":"OutputPort","bIsMovable":true,"nX":60,"nY":120},"77":{"nParent":78,"sClass":"NameText","bIsMovable":false,"nX":65,"nY":55,"sText":"Full Adder"},"78":{"sClass":"Chip","aElements":[71,72,73,74,75,76,77],"nX":310,"nY":560},"79":{"sClass":"WireLine","nPoint1":5,"nPoint2":18},"80":{"sClass":"WirePoint","bIsMovable":true,"nX":370,"nY":410},"81":{"sClass":"WireLine","nPoint1":20,"nPoint2":80},"82":{"sClass":"WireLine","nPoint1":44,"nPoint2":74},"83":{"nParent":3,"sClass":"NameText","bIsMovable":true,"nX":10,"nY":0,"sText":"c"},"84":{"nParent":5,"sClass":"NameText","bIsMovable":true,"nX":35,"nY":-10,"sText":"carry out"},"85":{"nParent":18,"sClass":"NameText","bIsMovable":true,"nX":20,"nY":-5,"sText":"c in"},"86":{"nParent":20,"sClass":"NameText","bIsMovable":true,"nX":35,"nY":-5,"sText":"carry out"},"87":{"nParent":44,"sClass":"NameText","bIsMovable":true,"nX":35,"nY":0,"sText":"carry out"},"88":{"sClass":"OutputPort","bIsMovable":true,"nX":480,"nY":170},"89":{"sClass":"WireLine","nPoint1":88,"nPoint2":4},"90":{"nParent":88,"sClass":"NameText","bIsMovable":true,"nX":25,"nY":0,"sText":"sum[0]"},"91":{"sClass":"OutputPort","bIsMovable":true,"nX":480,"nY":320},"92":{"sClass":"OutputPort","bIsMovable":true,"nX":480,"nY":470},"93":{"sClass":"OutputPort","bIsMovable":true,"nX":480,"nY":620},"94":{"sClass":"WireLine","nPoint1":91,"nPoint2":19},"95":{"sClass":"WireLine","nPoint1":92,"nPoint2":43},"96":{"sClass":"WireLine","nPoint1":93,"nPoint2":75},"97":{"nParent":91,"sClass":"NameText","bIsMovable":true,"nX":30,"nY":0,"sText":"sum[1]"},"98":{"nParent":92,"sClass":"NameText","bIsMovable":true,"nX":30,"nY":0,"sText":"sum[2]"},"99":{"nParent":93,"sClass":"NameText","bIsMovable":true,"nX":25,"nY":0,"sText":"sum[3]"},"100":{"sClass":"OutputPort","bIsMovable":true,"nX":370,"nY":740},"101":{"sClass":"WireLine","nPoint1":100,"nPoint2":76},"102":{"nParent":100,"sClass":"NameText","bIsMovable":true,"nX":25,"nY":0,"sText":"sum[4]"},"103":{"nParent":105,"sClass":"ViewPath","bIsMovable":false,"nX":0,"nY":0,"sPath":"M-2,5l4,-10"},"104":{"nParent":105,"sClass":"NameText","bIsMovable":false,"nX":5,"nY":-10,"sText":"1"},"105":{"nParent":101,"sClass":"BitWidth","aElements":[103,104],"nPos":10},"106":{"nParent":108,"sClass":"ViewPath","bIsMovable":false,"nX":0,"nY":0,"sPath":"M-2,5l4,-10"},"107":{"nParent":108,"sClass":"NameText","bIsMovable":false,"nX":5,"nY":-10,"sText":"1"},"108":{"nParent":96,"sClass":"BitWidth","aElements":[106,107],"nPos":10},"109":{"nParent":111,"sClass":"ViewPath","bIsMovable":false,"nX":0,"nY":0,"sPath":"M-2,5l4,-10"},"110":{"nParent":111,"sClass":"NameText","bIsMovable":false,"nX":5,"nY":-10,"sText":"1"},"111":{"nParent":95,"sClass":"BitWidth","aElements":[109,110],"nPos":15},"112":{"nParent":114,"sClass":"ViewPath","bIsMovable":false,"nX":0,"nY":0,"sPath":"M-2,5l4,-10"},"113":{"nParent":114,"sClass":"NameText","bIsMovable":false,"nX":5,"nY":-10,"sText":"1"},"114":{"nParent":94,"sClass":"BitWidth","aElements":[112,113],"nPos":15},"115":{"nParent":117,"sClass":"ViewPath","bIsMovable":false,"nX":0,"nY":0,"sPath":"M-2,5l4,-10"},"116":{"nParent":117,"sClass":"NameText","bIsMovable":false,"nX":5,"nY":-10,"sText":"1"},"117":{"nParent":89,"sClass":"BitWidth","aElements":[115,116],"nPos":10},"118":{"nParent":120,"sClass":"ViewPath","bIsMovable":false,"nX":0,"nY":0,"sPath":"M-2,5l4,-10"},"119":{"nParent":120,"sClass":"NameText","bIsMovable":false,"nX":5,"nY":-10,"sText":"1"},"120":{"nParent":10,"sClass":"BitWidth","aElements":[118,119],"nPos":10},"121":{"sClass":"InputPort","bIsMovable":true,"nX":250,"nY":150},"122":{"sClass":"InputPort","bIsMovable":true,"nX":250,"nY":190},"123":{"sClass":"InputPort","bIsMovable":true,"nX":250,"nY":300},"124":{"sClass":"InputPort","bIsMovable":true,"nX":250,"nY":340},"125":{"sClass":"InputPort","bIsMovable":true,"nX":250,"nY":450},"126":{"sClass":"InputPort","bIsMovable":true,"nX":250,"nY":490},"127":{"sClass":"InputPort","bIsMovable":true,"nX":250,"nY":600},"128":{"sClass":"InputPort","bIsMovable":true,"nX":250,"nY":640},"129":{"sClass":"WirePoint","bIsMovable":true,"nX":310,"nY":640},"130":{"sClass":"WireLine","nPoint1":128,"nPoint2":129},"131":{"sClass":"WireLine","nPoint1":72,"nPoint2":127},"132":{"sClass":"WireLine","nPoint1":41,"nPoint2":126},"136":{"sClass":"WireLine","nPoint1":40,"nPoint2":125},"137":{"sClass":"WireLine","nPoint1":17,"nPoint2":124},"138":{"sClass":"WireLine","nPoint1":16,"nPoint2":123},"139":{"sClass":"WireLine","nPoint1":2,"nPoint2":122},"140":{"sClass":"WirePoint","bIsMovable":true,"nX":310,"nY":150},"141":{"sClass":"WireLine","nPoint1":140,"nPoint2":121},"142":{"nParent":121,"sClass":"NameText","bIsMovable":true,"nX":0,"nY":-10,"sText":"in[0]"},"143":{"nParent":122,"sClass":"NameText","bIsMovable":true,"nX":0,"nY":-10,"sText":"in[1]"},"144":{"nParent":123,"sClass":"NameText","bIsMovable":true,"nX":0,"nY":-10,"sText":"in[2]"},"145":{"nParent":124,"sClass":"NameText","bIsMovable":true,"nX":0,"nY":-10,"sText":"in[3]"},"146":{"nParent":125,"sClass":"NameText","bIsMovable":true,"nX":0,"nY":-10,"sText":"in[4]"},"147":{"nParent":126,"sClass":"NameText","bIsMovable":true,"nX":0,"nY":-10,"sText":"in[5]"},"148":{"nParent":127,"sClass":"NameText","bIsMovable":true,"nX":0,"nY":-10,"sText":"in[6]"},"149":{"nParent":128,"sClass":"NameText","bIsMovable":true,"nX":0,"nY":-10,"sText":"in[7]"},"156":{"nParent":158,"sClass":"ViewPath","bIsMovable":false,"nX":0,"nY":0,"sPath":"M-2,5l4,-10"},"157":{"nParent":158,"sClass":"NameText","bIsMovable":false,"nX":5,"nY":-10,"sText":"1"},"158":{"nParent":141,"sClass":"BitWidth","aElements":[156,157],"nPos":40},"159":{"nParent":161,"sClass":"ViewPath","bIsMovable":false,"nX":0,"nY":0,"sPath":"M-2,5l4,-10"},"160":{"nParent":161,"sClass":"NameText","bIsMovable":false,"nX":5,"nY":-10,"sText":"1"},"161":{"nParent":139,"sClass":"BitWidth","aElements":[159,160],"nPos":45},"162":{"nParent":164,"sClass":"ViewPath","bIsMovable":false,"nX":0,"nY":0,"sPath":"M-2,5l4,-10"},"163":{"nParent":164,"sClass":"NameText","bIsMovable":false,"nX":5,"nY":-10,"sText":"1"},"164":{"nParent":138,"sClass":"BitWidth","aElements":[162,163],"nPos":40},"165":{"nParent":167,"sClass":"ViewPath","bIsMovable":false,"nX":0,"nY":0,"sPath":"M-2,5l4,-10"},"166":{"nParent":167,"sClass":"NameText","bIsMovable":false,"nX":5,"nY":-10,"sText":"1"},"167":{"nParent":137,"sClass":"BitWidth","aElements":[165,166],"nPos":40},"168":{"nParent":170,"sClass":"ViewPath","bIsMovable":false,"nX":0,"nY":0,"sPath":"M-2,5l4,-10"},"169":{"nParent":170,"sClass":"NameText","bIsMovable":false,"nX":5,"nY":-10,"sText":"1"},"170":{"nParent":136,"sClass":"BitWidth","aElements":[168,169],"nPos":40},"171":{"nParent":173,"sClass":"ViewPath","bIsMovable":false,"nX":0,"nY":0,"sPath":"M-2,5l4,-10"},"172":{"nParent":173,"sClass":"NameText","bIsMovable":false,"nX":5,"nY":-10,"sText":"1"},"173":{"nParent":132,"sClass":"BitWidth","aElements":[171,172],"nPos":40},"174":{"nParent":176,"sClass":"ViewPath","bIsMovable":false,"nX":0,"nY":0,"sPath":"M-2,5l4,-10"},"175":{"nParent":176,"sClass":"NameText","bIsMovable":false,"nX":5,"nY":-10,"sText":"1"},"176":{"nParent":131,"sClass":"BitWidth","aElements":[174,175],"nPos":40},"177":{"nParent":179,"sClass":"ViewPath","bIsMovable":false,"nX":0,"nY":0,"sPath":"M-2,5l4,-10"},"178":{"nParent":179,"sClass":"NameText","bIsMovable":false,"nX":5,"nY":-10,"sText":"1"},"179":{"nParent":130,"sClass":"BitWidth","aElements":[177,178],"nPos":15},"180":{"nParent":182,"sClass":"ViewPath","bIsMovable":false,"nX":0,"nY":0,"sPath":"M-2,5l4,-10"},"181":{"nParent":182,"sClass":"NameText","bIsMovable":false,"nX":5,"nY":-10,"sText":"1"},"182":{"nParent":79,"sClass":"BitWidth","aElements":[180,181],"nPos":15},"183":{"nParent":185,"sClass":"ViewPath","bIsMovable":false,"nX":0,"nY":0,"sPath":"M-2,5l4,-10"},"184":{"nParent":185,"sClass":"NameText","bIsMovable":false,"nX":5,"nY":-10,"sText":"1"},"185":{"nParent":81,"sClass":"BitWidth","aElements":[183,184],"nPos":15},"186":{"nParent":188,"sClass":"ViewPath","bIsMovable":false,"nX":0,"nY":0,"sPath":"M-2,5l4,-10"},"187":{"nParent":188,"sClass":"NameText","bIsMovable":false,"nX":5,"nY":-10,"sText":"1"},"188":{"nParent":82,"sClass":"BitWidth","aElements":[186,187],"nPos":15},"189":{"sClass":"WirePoint","bIsMovable":true,"nX":290,"nY":710},"192":{"sClass":"WirePoint","bIsMovable":true,"nX":290,"nY":80},"193":{"sClass":"WirePoint","bIsMovable":true,"nX":450,"nY":80},"194":{"sClass":"WireLine","nPoint1":192,"nPoint2":193},"198":{"sClass":"WireLine","nPoint1":189,"nPoint2":192},"199":{"sClass":"WirePoint","bIsMovable":true,"nX":450,"nY":710},"201":{"sClass":"WireLine","nPoint1":199,"nPoint2":193},"202":{"sClass":"WireLine","nPoint1":189,"nPoint2":199},"203":{"sClass":"ChipNameText","bIsMovable":true,"nX":0,"nY":470,"sText":"four full adders"}},"aChips":[{"sPath":"M0,40h20v40h-20h20v20h40v20v-20h40v-40h20h-20v-40h-40v-20v20h-40v20z","aInputs":[{"nX":0,"nY":40},{"nX":0,"nY":80},{"nX":60,"nY":0}],"aOutputs":[{"nX":120,"nY":60},{"nX":60,"nY":120}],"oName":{"nX":65,"nY":55,"sText":"Full Adder"},"nHeight":120,"nWidth":120}]}