{"oElements":{"0":{"nParent":5,"sClass":"ViewPath","bIsMovable":false,"nX":0,"nY":0,"sPath":"M0,10h10v-10h30q30,0,30,30h10h-10q0,30,-30,30h-30v-10h-10h10v-40z"},"1":{"nParent":5,"sClass":"InputPort","bIsMovable":false,"nX":0,"nY":10},"2":{"nParent":5,"sClass":"InputPort","bIsMovable":false,"nX":0,"nY":50},"3":{"nParent":5,"sClass":"OutputPort","bIsMovable":false,"nX":80,"nY":30},"4":{"nParent":5,"sClass":"NameText","bIsMovable":false,"nX":40,"nY":30,"sText":"And"},"5":{"sClass":"AndChip","aElements":[0,1,2,3,4],"nX":540,"nY":220},"30":{"nParent":35,"sClass":"ViewPath","bIsMovable":false,"nX":0,"nY":0,"sPath":"M0,10h10v-10h30q30,0,30,30h10h-10q0,30,-30,30h-30v-10h-10h10v-40z"},"31":{"nParent":35,"sClass":"InputPort","bIsMovable":false,"nX":0,"nY":10},"32":{"nParent":35,"sClass":"InputPort","bIsMovable":false,"nX":0,"nY":50},"33":{"nParent":35,"sClass":"OutputPort","bIsMovable":false,"nX":80,"nY":30},"34":{"nParent":35,"sClass":"NameText","bIsMovable":false,"nX":40,"nY":30,"sText":"And"},"35":{"sClass":"AndChip","aElements":[30,31,32,33,34],"nX":540,"nY":290},"36":{"nParent":41,"sClass":"ViewPath","bIsMovable":false,"nX":0,"nY":0,"sPath":"M0,10h10v-10h30q30,0,30,30h10h-10q0,30,-30,30h-30v-10h-10h10v-40z"},"37":{"nParent":41,"sClass":"InputPort","bIsMovable":false,"nX":0,"nY":10},"38":{"nParent":41,"sClass":"InputPort","bIsMovable":false,"nX":0,"nY":50},"39":{"nParent":41,"sClass":"OutputPort","bIsMovable":false,"nX":80,"nY":30},"40":{"nParent":41,"sClass":"NameText","bIsMovable":false,"nX":40,"nY":30,"sText":"And"},"41":{"sClass":"AndChip","aElements":[36,37,38,39,40],"nX":540,"nY":360},"48":{"nParent":53,"sClass":"ViewPath","bIsMovable":false,"nX":0,"nY":0,"sPath":"M0,10h10v-10h30q30,0,30,30h10h-10q0,30,-30,30h-30v-10h-10h10v-40z"},"49":{"nParent":53,"sClass":"InputPort","bIsMovable":false,"nX":0,"nY":10},"50":{"nParent":53,"sClass":"InputPort","bIsMovable":false,"nX":0,"nY":50},"51":{"nParent":53,"sClass":"OutputPort","bIsMovable":false,"nX":80,"nY":30},"52":{"nParent":53,"sClass":"NameText","bIsMovable":false,"nX":40,"nY":30,"sText":"And"},"53":{"sClass":"AndChip","aElements":[48,49,50,51,52],"nX":540,"nY":430},"54":{"sClass":"WirePoint","bIsMovable":true,"nX":570,"nY":160},"55":{"sClass":"WirePoint","bIsMovable":true,"nX":570,"nY":190},"56":{"sClass":"WireLine","nPoint1":54,"nPoint2":55},"57":{"sClass":"WirePoint","bIsMovable":true,"nX":520,"nY":190},"58":{"sClass":"WireLine","nPoint1":55,"nPoint2":57},"63":{"sClass":"WirePoint","bIsMovable":true,"nX":520,"nY":230},"64":{"sClass":"WireLine","nPoint1":1,"nPoint2":63},"65":{"sClass":"WireLine","nPoint1":63,"nPoint2":57},"66":{"sClass":"WirePoint","bIsMovable":true,"nX":520,"nY":300},"67":{"sClass":"WireLine","nPoint1":31,"nPoint2":66},"68":{"sClass":"WireLine","nPoint1":66,"nPoint2":63},"69":{"sClass":"WirePoint","bIsMovable":true,"nX":520,"nY":370},"70":{"sClass":"WireLine","nPoint1":37,"nPoint2":69},"71":{"sClass":"WireLine","nPoint1":69,"nPoint2":66},"72":{"sClass":"WirePoint","bIsMovable":true,"nX":520,"nY":440},"73":{"sClass":"WireLine","nPoint1":49,"nPoint2":72},"74":{"sClass":"WireLine","nPoint1":72,"nPoint2":69},"75":{"sClass":"WirePoint","bIsMovable":true,"nX":460,"nY":480},"76":{"sClass":"WireLine","nPoint1":50,"nPoint2":75},"77":{"sClass":"WirePoint","bIsMovable":true,"nX":460,"nY":410},"78":{"sClass":"WireLine","nPoint1":38,"nPoint2":77},"79":{"sClass":"WirePoint","bIsMovable":true,"nX":460,"nY":340},"80":{"sClass":"WireLine","nPoint1":32,"nPoint2":79},"81":{"sClass":"WirePoint","bIsMovable":true,"nX":460,"nY":270},"82":{"sClass":"WireLine","nPoint1":2,"nPoint2":81},"83":{"sClass":"WirePoint","bIsMovable":true,"nX":660,"nY":460},"84":{"sClass":"WireLine","nPoint1":51,"nPoint2":83},"85":{"sClass":"WirePoint","bIsMovable":true,"nX":660,"nY":390},"86":{"sClass":"WireLine","nPoint1":39,"nPoint2":85},"87":{"sClass":"WirePoint","bIsMovable":true,"nX":660,"nY":320},"88":{"sClass":"WireLine","nPoint1":33,"nPoint2":87},"89":{"sClass":"WirePoint","bIsMovable":true,"nX":660,"nY":250},"90":{"sClass":"WireLine","nPoint1":3,"nPoint2":89},"91":{"sClass":"WirePoint","bIsMovable":true,"nX":490,"nY":180},"92":{"sClass":"WirePoint","bIsMovable":true,"nX":630,"nY":180},"93":{"sClass":"WireLine","nPoint1":91,"nPoint2":92},"94":{"sClass":"WirePoint","bIsMovable":true,"nX":630,"nY":500},"95":{"sClass":"WireLine","nPoint1":92,"nPoint2":94},"96":{"sClass":"WirePoint","bIsMovable":true,"nX":490,"nY":500},"97":{"sClass":"WireLine","nPoint1":94,"nPoint2":96},"98":{"sClass":"WireLine","nPoint1":96,"nPoint2":91},"99":{"nParent":101,"sClass":"ViewPath","bIsMovable":false,"nX":0,"nY":0,"sPath":"M-2,5l4,-10"},"100":{"nParent":101,"sClass":"NameText","bIsMovable":false,"nX":5,"nY":-10,"sText":"1"},"101":{"nParent":56,"sClass":"BitWidth","aElements":[99,100],"nPos":10},"102":{"nParent":104,"sClass":"ViewPath","bIsMovable":false,"nX":0,"nY":0,"sPath":"M-2,5l4,-10"},"103":{"nParent":104,"sClass":"NameText","bIsMovable":false,"nX":5,"nY":-10,"sText":"1"},"104":{"nParent":64,"sClass":"BitWidth","aElements":[102,103],"nPos":10},"105":{"nParent":107,"sClass":"ViewPath","bIsMovable":false,"nX":0,"nY":0,"sPath":"M-2,5l4,-10"},"106":{"nParent":107,"sClass":"NameText","bIsMovable":false,"nX":5,"nY":-10,"sText":"1"},"107":{"nParent":67,"sClass":"BitWidth","aElements":[105,106],"nPos":10},"108":{"nParent":110,"sClass":"ViewPath","bIsMovable":false,"nX":0,"nY":0,"sPath":"M-2,5l4,-10"},"109":{"nParent":110,"sClass":"NameText","bIsMovable":false,"nX":5,"nY":-10,"sText":"1"},"110":{"nParent":70,"sClass":"BitWidth","aElements":[108,109],"nPos":10},"111":{"nParent":113,"sClass":"ViewPath","bIsMovable":false,"nX":0,"nY":0,"sPath":"M-2,5l4,-10"},"112":{"nParent":113,"sClass":"NameText","bIsMovable":false,"nX":5,"nY":-10,"sText":"1"},"113":{"nParent":73,"sClass":"BitWidth","aElements":[111,112],"nPos":5},"114":{"nParent":116,"sClass":"ViewPath","bIsMovable":false,"nX":0,"nY":0,"sPath":"M-2,5l4,-10"},"115":{"nParent":116,"sClass":"NameText","bIsMovable":false,"nX":5,"nY":-10,"sText":"1"},"116":{"nParent":84,"sClass":"BitWidth","aElements":[114,115],"nPos":25},"117":{"nParent":119,"sClass":"ViewPath","bIsMovable":false,"nX":0,"nY":0,"sPath":"M-2,5l4,-10"},"118":{"nParent":119,"sClass":"NameText","bIsMovable":false,"nX":5,"nY":-10,"sText":"1"},"119":{"nParent":86,"sClass":"BitWidth","aElements":[117,118],"nPos":30},"120":{"nParent":122,"sClass":"ViewPath","bIsMovable":false,"nX":0,"nY":0,"sPath":"M-2,5l4,-10"},"121":{"nParent":122,"sClass":"NameText","bIsMovable":false,"nX":5,"nY":-10,"sText":"1"},"122":{"nParent":88,"sClass":"BitWidth","aElements":[120,121],"nPos":30},"123":{"nParent":125,"sClass":"ViewPath","bIsMovable":false,"nX":0,"nY":0,"sPath":"M-2,5l4,-10"},"124":{"nParent":125,"sClass":"NameText","bIsMovable":false,"nX":5,"nY":-10,"sText":"1"},"125":{"nParent":90,"sClass":"BitWidth","aElements":[123,124],"nPos":30},"126":{"nParent":56,"sClass":"NameText","bIsMovable":true,"nX":0,"nY":-10,"sText":"in[0]"},"127":{"nParent":82,"sClass":"NameText","bIsMovable":true,"nX":-90,"nY":-10,"sText":"in[1]"},"128":{"nParent":80,"sClass":"NameText","bIsMovable":true,"nX":-90,"nY":-10,"sText":"in[2]"},"129":{"sClass":"ChipNameText","bIsMovable":true,"nX":345,"nY":210,"sText":"four ands"},"130":{"nParent":78,"sClass":"NameText","bIsMovable":true,"nX":-90,"nY":-10,"sText":"in[3]"},"131":{"nParent":76,"sClass":"NameText","bIsMovable":true,"nX":-85,"nY":-10,"sText":"in[4]"},"132":{"nParent":134,"sClass":"ViewPath","bIsMovable":false,"nX":0,"nY":0,"sPath":"M-2,5l4,-10"},"133":{"nParent":134,"sClass":"NameText","bIsMovable":false,"nX":5,"nY":-10,"sText":"1"},"134":{"nParent":82,"sClass":"BitWidth","aElements":[132,133],"nPos":65},"135":{"nParent":137,"sClass":"ViewPath","bIsMovable":false,"nX":0,"nY":0,"sPath":"M-2,5l4,-10"},"136":{"nParent":137,"sClass":"NameText","bIsMovable":false,"nX":5,"nY":-10,"sText":"1"},"137":{"nParent":80,"sClass":"BitWidth","aElements":[135,136],"nPos":70},"138":{"nParent":140,"sClass":"ViewPath","bIsMovable":false,"nX":0,"nY":0,"sPath":"M-2,5l4,-10"},"139":{"nParent":140,"sClass":"NameText","bIsMovable":false,"nX":5,"nY":-10,"sText":"1"},"140":{"nParent":78,"sClass":"BitWidth","aElements":[138,139],"nPos":65},"141":{"nParent":143,"sClass":"ViewPath","bIsMovable":false,"nX":0,"nY":0,"sPath":"M-2,5l4,-10"},"142":{"nParent":143,"sClass":"NameText","bIsMovable":false,"nX":5,"nY":-10,"sText":"1"},"143":{"nParent":76,"sClass":"BitWidth","aElements":[141,142],"nPos":65},"145":{"nParent":90,"sClass":"NameText","bIsMovable":true,"nX":65,"nY":0,"sText":"out[0]"},"146":{"nParent":88,"sClass":"NameText","bIsMovable":true,"nX":65,"nY":0,"sText":"out[1]"},"147":{"nParent":86,"sClass":"NameText","bIsMovable":true,"nX":65,"nY":0,"sText":"out[2]"},"148":{"nParent":84,"sClass":"NameText","bIsMovable":true,"nX":65,"nY":0,"sText":"out[3]"}},"aChips":[]}