{"sPath":"M0,20h20v40h-20h20v20h-20h20v40h-20h20v20h-20h20v40h-20h20v20h-20h20v40h-20h20v20h50v20v-20h50v-40h20h-20v-60h20h-20v-60h20h-20v-60h20h-20v-40h-100v20z","aInputs":[{"nX":0,"nY":20},{"nX":0,"nY":60},{"nX":0,"nY":80},{"nX":0,"nY":120},{"nX":0,"nY":140},{"nX":0,"nY":180},{"nX":0,"nY":200},{"nX":0,"nY":240}],"aOutputs":[{"nX":140,"nY":40},{"nX":140,"nY":100},{"nX":140,"nY":160},{"nX":140,"nY":220},{"nX":70,"nY":280}],"oName":{"nX":70,"nY":110,"sText":"Four Full adders"},"nHeight":280,"nWidth":140}