{"oElements":{"12":{"nParent":23,"sClass":"ViewPath","bIsMovable":false,"nX":0,"nY":0,"sPath":"M0,70h20v60h-20h20v60h-20h20v60h-20h20v40h80v-40h20h-20v-60h20h-20v-60h20h-20v-60h20h-20v-40h-40v-30v30h-40v40z"},"13":{"nParent":23,"sClass":"InputPort","bIsMovable":true,"nX":0,"nY":70},"14":{"nParent":23,"sClass":"InputPort","bIsMovable":true,"nX":0,"nY":130},"15":{"nParent":23,"sClass":"InputPort","bIsMovable":true,"nX":0,"nY":190},"16":{"nParent":23,"sClass":"InputPort","bIsMovable":true,"nX":0,"nY":250},"17":{"nParent":23,"sClass":"InputPort","bIsMovable":true,"nX":60,"nY":0},"18":{"nParent":23,"sClass":"OutputPort","bIsMovable":true,"nX":120,"nY":70},"19":{"nParent":23,"sClass":"OutputPort","bIsMovable":true,"nX":120,"nY":130},"20":{"nParent":23,"sClass":"OutputPort","bIsMovable":true,"nX":120,"nY":190},"21":{"nParent":23,"sClass":"OutputPort","bIsMovable":true,"nX":120,"nY":250},"22":{"nParent":23,"sClass":"NameText","bIsMovable":false,"nX":65,"nY":150,"sText":"Four ands"},"23":{"sClass":"Chip","aElements":[12,13,14,15,16,17,18,19,20,21,22],"nX":260,"nY":20},"24":{"nParent":35,"sClass":"ViewPath","bIsMovable":false,"nX":0,"nY":0,"sPath":"M0,70h20v60h-20h20v60h-20h20v60h-20h20v40h80v-40h20h-20v-60h20h-20v-60h20h-20v-60h20h-20v-40h-40v-30v30h-40v40z"},"25":{"nParent":35,"sClass":"InputPort","bIsMovable":true,"nX":0,"nY":70},"26":{"nParent":35,"sClass":"InputPort","bIsMovable":true,"nX":0,"nY":130},"27":{"nParent":35,"sClass":"InputPort","bIsMovable":true,"nX":0,"nY":190},"28":{"nParent":35,"sClass":"InputPort","bIsMovable":true,"nX":0,"nY":250},"29":{"nParent":35,"sClass":"InputPort","bIsMovable":true,"nX":60,"nY":0},"30":{"nParent":35,"sClass":"OutputPort","bIsMovable":true,"nX":120,"nY":70},"31":{"nParent":35,"sClass":"OutputPort","bIsMovable":true,"nX":120,"nY":130},"32":{"nParent":35,"sClass":"OutputPort","bIsMovable":true,"nX":120,"nY":190},"33":{"nParent":35,"sClass":"OutputPort","bIsMovable":true,"nX":120,"nY":250},"34":{"nParent":35,"sClass":"NameText","bIsMovable":false,"nX":65,"nY":150,"sText":"Four ands"},"35":{"sClass":"Chip","aElements":[24,25,26,27,28,29,30,31,32,33,34],"nX":440,"nY":110},"54":{"sClass":"WirePoint","bIsMovable":true,"nX":560,"nY":190},"55":{"sClass":"WireLine","nPoint1":30,"nPoint2":54},"57":{"sClass":"WirePoint","bIsMovable":true,"nX":560,"nY":250},"58":{"sClass":"WireLine","nPoint1":31,"nPoint2":57},"60":{"sClass":"WirePoint","bIsMovable":true,"nX":560,"nY":310},"61":{"sClass":"WireLine","nPoint1":32,"nPoint2":60},"66":{"sClass":"WirePoint","bIsMovable":true,"nX":560,"nY":370},"67":{"sClass":"WireLine","nPoint1":33,"nPoint2":66},"69":{"sClass":"WirePoint","bIsMovable":true,"nX":650,"nY":210},"70":{"sClass":"WireLine","nPoint1":20,"nPoint2":69},"71":{"sClass":"WirePoint","bIsMovable":true,"nX":380,"nY":270},"72":{"sClass":"WirePoint","bIsMovable":true,"nX":650,"nY":270},"73":{"sClass":"WireLine","nPoint1":71,"nPoint2":72},"74":{"nParent":85,"sClass":"ViewPath","bIsMovable":false,"nX":0,"nY":0,"sPath":"M0,70h20v60h-20h20v60h-20h20v60h-20h20v40h80v-40h20h-20v-60h20h-20v-60h20h-20v-60h20h-20v-40h-40v-30v30h-40v40z"},"75":{"nParent":85,"sClass":"InputPort","bIsMovable":true,"nX":0,"nY":70},"76":{"nParent":85,"sClass":"InputPort","bIsMovable":true,"nX":0,"nY":130},"77":{"nParent":85,"sClass":"InputPort","bIsMovable":true,"nX":0,"nY":190},"78":{"nParent":85,"sClass":"InputPort","bIsMovable":true,"nX":0,"nY":250},"79":{"nParent":85,"sClass":"InputPort","bIsMovable":true,"nX":60,"nY":0},"80":{"nParent":85,"sClass":"OutputPort","bIsMovable":true,"nX":120,"nY":70},"81":{"nParent":85,"sClass":"OutputPort","bIsMovable":true,"nX":120,"nY":130},"82":{"nParent":85,"sClass":"OutputPort","bIsMovable":true,"nX":120,"nY":190},"83":{"nParent":85,"sClass":"OutputPort","bIsMovable":true,"nX":120,"nY":250},"84":{"nParent":85,"sClass":"NameText","bIsMovable":false,"nX":65,"nY":150,"sText":"Four ands"},"85":{"sClass":"Chip","aElements":[74,75,76,77,78,79,80,81,82,83,84],"nX":870,"nY":190},"111":{"sClass":"WirePoint","bIsMovable":true,"nX":990,"nY":270},"112":{"sClass":"WireLine","nPoint1":80,"nPoint2":111},"114":{"sClass":"WirePoint","bIsMovable":true,"nX":990,"nY":330},"115":{"sClass":"WireLine","nPoint1":81,"nPoint2":114},"117":{"sClass":"WirePoint","bIsMovable":true,"nX":1070,"nY":390},"118":{"sClass":"WirePoint","bIsMovable":true,"nX":990,"nY":390},"119":{"sClass":"WireLine","nPoint1":82,"nPoint2":118},"120":{"sClass":"WireLine","nPoint1":118,"nPoint2":117},"121":{"sClass":"WirePoint","bIsMovable":true,"nX":990,"nY":450},"122":{"sClass":"WireLine","nPoint1":83,"nPoint2":121},"146":{"nParent":161,"sClass":"ViewPath","bIsMovable":false,"nX":0,"nY":0,"sPath":"M0,20h20v40h-20h20v20h-20h20v40h-20h20v20h-20h20v40h-20h20v20h-20h20v40h-20h20v20h50v20v-20h50v-40h20h-20v-60h20h-20v-60h20h-20v-60h20h-20v-40h-100v20z"},"147":{"nParent":161,"sClass":"InputPort","bIsMovable":true,"nX":0,"nY":20},"148":{"nParent":161,"sClass":"InputPort","bIsMovable":true,"nX":0,"nY":60},"149":{"nParent":161,"sClass":"InputPort","bIsMovable":true,"nX":0,"nY":80},"150":{"nParent":161,"sClass":"InputPort","bIsMovable":true,"nX":0,"nY":120},"151":{"nParent":161,"sClass":"InputPort","bIsMovable":true,"nX":0,"nY":140},"152":{"nParent":161,"sClass":"InputPort","bIsMovable":true,"nX":0,"nY":180},"153":{"nParent":161,"sClass":"InputPort","bIsMovable":true,"nX":0,"nY":200},"154":{"nParent":161,"sClass":"InputPort","bIsMovable":true,"nX":0,"nY":240},"155":{"nParent":161,"sClass":"OutputPort","bIsMovable":true,"nX":140,"nY":40},"156":{"nParent":161,"sClass":"OutputPort","bIsMovable":true,"nX":140,"nY":100},"157":{"nParent":161,"sClass":"OutputPort","bIsMovable":true,"nX":140,"nY":160},"158":{"nParent":161,"sClass":"OutputPort","bIsMovable":true,"nX":140,"nY":220},"159":{"nParent":161,"sClass":"OutputPort","bIsMovable":true,"nX":70,"nY":280},"160":{"nParent":161,"sClass":"NameText","bIsMovable":false,"nX":70,"nY":110,"sText":"Four Full adders"},"161":{"sClass":"Chip","aElements":[146,147,148,149,150,151,152,153,154,155,156,157,158,159,160],"nX":650,"nY":130},"162":{"sClass":"WireLine","nPoint1":19,"nPoint2":147},"163":{"sClass":"WireLine","nPoint1":148,"nPoint2":54},"164":{"sClass":"WireLine","nPoint1":60,"nPoint2":152},"165":{"sClass":"WireLine","nPoint1":66,"nPoint2":154},"170":{"nParent":185,"sClass":"ViewPath","bIsMovable":false,"nX":0,"nY":0,"sPath":"M0,20h20v40h-20h20v20h-20h20v40h-20h20v20h-20h20v40h-20h20v20h-20h20v40h-20h20v20h50v20v-20h50v-40h20h-20v-60h20h-20v-60h20h-20v-60h20h-20v-40h-100v20z"},"171":{"nParent":185,"sClass":"InputPort","bIsMovable":true,"nX":0,"nY":20},"172":{"nParent":185,"sClass":"InputPort","bIsMovable":true,"nX":0,"nY":60},"173":{"nParent":185,"sClass":"InputPort","bIsMovable":true,"nX":0,"nY":80},"174":{"nParent":185,"sClass":"InputPort","bIsMovable":true,"nX":0,"nY":120},"175":{"nParent":185,"sClass":"InputPort","bIsMovable":true,"nX":0,"nY":140},"176":{"nParent":185,"sClass":"InputPort","bIsMovable":true,"nX":0,"nY":180},"177":{"nParent":185,"sClass":"InputPort","bIsMovable":true,"nX":0,"nY":200},"178":{"nParent":185,"sClass":"InputPort","bIsMovable":true,"nX":0,"nY":240},"179":{"nParent":185,"sClass":"OutputPort","bIsMovable":true,"nX":140,"nY":40},"180":{"nParent":185,"sClass":"OutputPort","bIsMovable":true,"nX":140,"nY":100},"181":{"nParent":185,"sClass":"OutputPort","bIsMovable":true,"nX":140,"nY":160},"182":{"nParent":185,"sClass":"OutputPort","bIsMovable":true,"nX":140,"nY":220},"183":{"nParent":185,"sClass":"OutputPort","bIsMovable":true,"nX":70,"nY":280},"184":{"nParent":185,"sClass":"NameText","bIsMovable":false,"nX":70,"nY":110,"sText":"Four Full adders"},"185":{"sClass":"Chip","aElements":[170,171,172,173,174,175,176,177,178,179,180,181,182,183,184],"nX":1070,"nY":210},"186":{"sClass":"WireLine","nPoint1":156,"nPoint2":171},"187":{"sClass":"WireLine","nPoint1":173,"nPoint2":157},"188":{"sClass":"WireLine","nPoint1":158,"nPoint2":175},"189":{"sClass":"WireLine","nPoint1":159,"nPoint2":177},"190":{"sClass":"WireLine","nPoint1":121,"nPoint2":178},"191":{"sClass":"WireLine","nPoint1":174,"nPoint2":114},"192":{"sClass":"WireLine","nPoint1":172,"nPoint2":111},"193":{"nParent":208,"sClass":"ViewPath","bIsMovable":false,"nX":0,"nY":0,"sPath":"M0,20h20v40h-20h20v20h-20h20v40h-20h20v20h-20h20v40h-20h20v20h-20h20v40h-20h20v20h50v20v-20h50v-40h20h-20v-60h20h-20v-60h20h-20v-60h20h-20v-40h-100v20z"},"194":{"nParent":208,"sClass":"InputPort","bIsMovable":true,"nX":0,"nY":20},"195":{"nParent":208,"sClass":"InputPort","bIsMovable":true,"nX":0,"nY":60},"196":{"nParent":208,"sClass":"InputPort","bIsMovable":true,"nX":0,"nY":80},"197":{"nParent":208,"sClass":"InputPort","bIsMovable":true,"nX":0,"nY":120},"198":{"nParent":208,"sClass":"InputPort","bIsMovable":true,"nX":0,"nY":140},"199":{"nParent":208,"sClass":"InputPort","bIsMovable":true,"nX":0,"nY":180},"200":{"nParent":208,"sClass":"InputPort","bIsMovable":true,"nX":0,"nY":200},"201":{"nParent":208,"sClass":"InputPort","bIsMovable":true,"nX":0,"nY":240},"202":{"nParent":208,"sClass":"OutputPort","bIsMovable":true,"nX":140,"nY":40},"203":{"nParent":208,"sClass":"OutputPort","bIsMovable":true,"nX":140,"nY":100},"204":{"nParent":208,"sClass":"OutputPort","bIsMovable":true,"nX":140,"nY":160},"205":{"nParent":208,"sClass":"OutputPort","bIsMovable":true,"nX":140,"nY":220},"206":{"nParent":208,"sClass":"OutputPort","bIsMovable":true,"nX":70,"nY":280},"207":{"nParent":208,"sClass":"NameText","bIsMovable":false,"nX":70,"nY":110,"sText":"Four Full adders"},"208":{"sClass":"Chip","aElements":[193,194,195,196,197,198,199,200,201,202,203,204,205,206,207],"nX":1430,"nY":290},"209":{"nParent":220,"sClass":"ViewPath","bIsMovable":false,"nX":0,"nY":0,"sPath":"M0,70h20v60h-20h20v60h-20h20v60h-20h20v40h80v-40h20h-20v-60h20h-20v-60h20h-20v-60h20h-20v-40h-40v-30v30h-40v40z"},"210":{"nParent":220,"sClass":"InputPort","bIsMovable":true,"nX":0,"nY":70},"211":{"nParent":220,"sClass":"InputPort","bIsMovable":true,"nX":0,"nY":130},"212":{"nParent":220,"sClass":"InputPort","bIsMovable":true,"nX":0,"nY":190},"213":{"nParent":220,"sClass":"InputPort","bIsMovable":true,"nX":0,"nY":250},"214":{"nParent":220,"sClass":"InputPort","bIsMovable":true,"nX":60,"nY":0},"215":{"nParent":220,"sClass":"OutputPort","bIsMovable":true,"nX":120,"nY":70},"216":{"nParent":220,"sClass":"OutputPort","bIsMovable":true,"nX":120,"nY":130},"217":{"nParent":220,"sClass":"OutputPort","bIsMovable":true,"nX":120,"nY":190},"218":{"nParent":220,"sClass":"OutputPort","bIsMovable":true,"nX":120,"nY":250},"219":{"nParent":220,"sClass":"NameText","bIsMovable":false,"nX":65,"nY":150,"sText":"Four ands"},"220":{"sClass":"Chip","aElements":[209,210,211,212,213,214,215,216,217,218,219],"nX":1260,"nY":270},"221":{"sClass":"WireLine","nPoint1":180,"nPoint2":194},"222":{"sClass":"WirePoint","bIsMovable":true,"nX":1380,"nY":350},"223":{"sClass":"WireLine","nPoint1":215,"nPoint2":222},"224":{"sClass":"WireLine","nPoint1":222,"nPoint2":195},"225":{"sClass":"WireLine","nPoint1":196,"nPoint2":181},"226":{"sClass":"WireLine","nPoint1":198,"nPoint2":182},"227":{"sClass":"WirePoint","bIsMovable":true,"nX":1430,"nY":400},"228":{"sClass":"WireLine","nPoint1":197,"nPoint2":227},"229":{"sClass":"WireLine","nPoint1":227,"nPoint2":216},"230":{"sClass":"WirePoint","bIsMovable":true,"nX":1430,"nY":460},"231":{"sClass":"WireLine","nPoint1":199,"nPoint2":230},"232":{"sClass":"WireLine","nPoint1":230,"nPoint2":217},"233":{"sClass":"WireLine","nPoint1":200,"nPoint2":183},"237":{"sClass":"WirePoint","bIsMovable":true,"nX":1430,"nY":530},"238":{"sClass":"WirePoint","bIsMovable":true,"nX":1380,"nY":530},"239":{"sClass":"WireLine","nPoint1":218,"nPoint2":238},"240":{"sClass":"WireLine","nPoint1":238,"nPoint2":237},"241":{"sClass":"WirePoint","bIsMovable":true,"nX":320,"nY":-50},"242":{"sClass":"WireLine","nPoint1":17,"nPoint2":241},"247":{"sClass":"WirePoint","bIsMovable":true,"nX":500,"nY":-50},"248":{"sClass":"WireLine","nPoint1":29,"nPoint2":247},"261":{"sClass":"WirePoint","bIsMovable":true,"nX":930,"nY":-50},"262":{"sClass":"WireLine","nPoint1":79,"nPoint2":261},"263":{"sClass":"WirePoint","bIsMovable":true,"nX":1320,"nY":-50},"264":{"sClass":"WireLine","nPoint1":214,"nPoint2":263},"266":{"sClass":"WirePoint","bIsMovable":true,"nX":220,"nY":90},"267":{"sClass":"WireLine","nPoint1":13,"nPoint2":266},"268":{"sClass":"WirePoint","bIsMovable":true,"nX":220,"nY":-100},"269":{"sClass":"WireLine","nPoint1":266,"nPoint2":268},"273":{"sClass":"WirePoint","bIsMovable":true,"nX":220,"nY":150},"274":{"sClass":"WireLine","nPoint1":14,"nPoint2":273},"275":{"sClass":"WireLine","nPoint1":273,"nPoint2":266},"276":{"sClass":"WirePoint","bIsMovable":true,"nX":260,"nY":210},"277":{"sClass":"WirePoint","bIsMovable":true,"nX":220,"nY":210},"278":{"sClass":"WireLine","nPoint1":276,"nPoint2":277},"279":{"sClass":"WireLine","nPoint1":277,"nPoint2":273},"280":{"sClass":"WirePoint","bIsMovable":true,"nX":220,"nY":270},"281":{"sClass":"WireLine","nPoint1":16,"nPoint2":280},"282":{"sClass":"WireLine","nPoint1":280,"nPoint2":277},"295":{"sClass":"WirePoint","bIsMovable":true,"nX":400,"nY":180},"296":{"sClass":"WireLine","nPoint1":25,"nPoint2":295},"299":{"sClass":"WirePoint","bIsMovable":true,"nX":440,"nY":240},"300":{"sClass":"WirePoint","bIsMovable":true,"nX":400,"nY":240},"301":{"sClass":"WireLine","nPoint1":299,"nPoint2":300},"302":{"sClass":"WireLine","nPoint1":300,"nPoint2":295},"303":{"sClass":"WirePoint","bIsMovable":true,"nX":400,"nY":300},"304":{"sClass":"WireLine","nPoint1":27,"nPoint2":303},"305":{"sClass":"WireLine","nPoint1":303,"nPoint2":300},"306":{"sClass":"WirePoint","bIsMovable":true,"nX":400,"nY":360},"307":{"sClass":"WireLine","nPoint1":28,"nPoint2":306},"308":{"sClass":"WireLine","nPoint1":306,"nPoint2":303},"309":{"sClass":"WirePoint","bIsMovable":true,"nX":400,"nY":-100},"310":{"sClass":"WireLine","nPoint1":295,"nPoint2":309},"311":{"sClass":"WireLine","nPoint1":150,"nPoint2":57},"312":{"sClass":"WirePoint","bIsMovable":true,"nX":820,"nY":260},"313":{"sClass":"WireLine","nPoint1":75,"nPoint2":312},"314":{"sClass":"WirePoint","bIsMovable":true,"nX":820,"nY":320},"315":{"sClass":"WireLine","nPoint1":76,"nPoint2":314},"316":{"sClass":"WireLine","nPoint1":314,"nPoint2":312},"317":{"sClass":"WirePoint","bIsMovable":true,"nX":820,"nY":380},"318":{"sClass":"WireLine","nPoint1":77,"nPoint2":317},"319":{"sClass":"WireLine","nPoint1":317,"nPoint2":314},"320":{"sClass":"WirePoint","bIsMovable":true,"nX":820,"nY":440},"321":{"sClass":"WireLine","nPoint1":78,"nPoint2":320},"322":{"sClass":"WireLine","nPoint1":320,"nPoint2":317},"323":{"sClass":"WirePoint","bIsMovable":true,"nX":820,"nY":-100},"324":{"sClass":"WireLine","nPoint1":312,"nPoint2":323},"325":{"sClass":"WirePoint","bIsMovable":true,"nX":1230,"nY":340},"326":{"sClass":"WireLine","nPoint1":210,"nPoint2":325},"327":{"sClass":"WirePoint","bIsMovable":true,"nX":1260,"nY":400},"332":{"sClass":"WirePoint","bIsMovable":true,"nX":1230,"nY":400},"333":{"sClass":"WireLine","nPoint1":327,"nPoint2":332},"334":{"sClass":"WirePoint","bIsMovable":true,"nX":1230,"nY":460},"335":{"sClass":"WireLine","nPoint1":212,"nPoint2":334},"336":{"sClass":"WirePoint","bIsMovable":true,"nX":1230,"nY":520},"337":{"sClass":"WireLine","nPoint1":213,"nPoint2":336},"338":{"sClass":"WirePoint","bIsMovable":true,"nX":1230,"nY":-100},"339":{"sClass":"WireLine","nPoint1":336,"nPoint2":338},"340":{"sClass":"WirePoint","bIsMovable":true,"nX":220,"nY":-100},"343":{"sClass":"WirePoint","bIsMovable":true,"nX":680,"nY":-100},"344":{"sClass":"WireLine","nPoint1":338,"nPoint2":343},"345":{"sClass":"WireLine","nPoint1":343,"nPoint2":340},"346":{"sClass":"WirePoint","bIsMovable":true,"nX":680,"nY":-170},"347":{"sClass":"WireLine","nPoint1":343,"nPoint2":346},"348":{"sClass":"WirePoint","bIsMovable":true,"nX":730,"nY":-50},"349":{"sClass":"WireLine","nPoint1":263,"nPoint2":348},"350":{"sClass":"WireLine","nPoint1":348,"nPoint2":241},"351":{"sClass":"WirePoint","bIsMovable":true,"nX":730,"nY":-170},"352":{"sClass":"WireLine","nPoint1":348,"nPoint2":351},"353":{"sClass":"ChipNameText","bIsMovable":true,"nX":405,"nY":-150,"sText":"Mult 4"},"354":{"nParent":347,"sClass":"NameText","bIsMovable":true,"nX":-15,"nY":-70,"sText":"a"},"355":{"nParent":352,"sClass":"NameText","bIsMovable":true,"nX":-10,"nY":-115,"sText":"b"},"356":{"nParent":269,"sClass":"NameText","bIsMovable":true,"nX":-15,"nY":-150,"sText":"a"},"357":{"nParent":310,"sClass":"NameText","bIsMovable":true,"nX":-15,"nY":-200,"sText":"a"},"358":{"nParent":324,"sClass":"NameText","bIsMovable":true,"nX":-15,"nY":-280,"sText":"a"},"359":{"nParent":339,"sClass":"NameText","bIsMovable":true,"nX":-15,"nY":-540,"sText":"a"},"360":{"nParent":242,"sClass":"NameText","bIsMovable":true,"nX":-20,"nY":-50,"sText":"b[0]"},"361":{"nParent":248,"sClass":"NameText","bIsMovable":true,"nX":-15,"nY":-135,"sText":"b[1]"},"362":{"nParent":262,"sClass":"NameText","bIsMovable":true,"nX":-15,"nY":-210,"sText":"b[2]"},"363":{"nParent":264,"sClass":"NameText","bIsMovable":true,"nX":-20,"nY":-285,"sText":"b[3]"},"367":{"nParent":369,"sClass":"ViewPath","bIsMovable":false,"nX":0,"nY":0,"sPath":"M-2,5l4,-10"},"368":{"nParent":369,"sClass":"NameText","bIsMovable":false,"nX":5,"nY":-10,"sText":"1"},"369":{"nParent":242,"sClass":"BitWidth","aElements":[367,368],"nPos":35},"370":{"nParent":372,"sClass":"ViewPath","bIsMovable":false,"nX":0,"nY":0,"sPath":"M-2,5l4,-10"},"371":{"nParent":372,"sClass":"NameText","bIsMovable":false,"nX":5,"nY":-10,"sText":"1"},"372":{"nParent":248,"sClass":"BitWidth","aElements":[370,371],"nPos":105},"373":{"nParent":375,"sClass":"ViewPath","bIsMovable":false,"nX":0,"nY":0,"sPath":"M-2,5l4,-10"},"374":{"nParent":375,"sClass":"NameText","bIsMovable":false,"nX":5,"nY":-10,"sText":"1"},"375":{"nParent":262,"sClass":"BitWidth","aElements":[373,374],"nPos":175},"376":{"nParent":378,"sClass":"ViewPath","bIsMovable":false,"nX":0,"nY":0,"sPath":"M-2,5l4,-10"},"377":{"nParent":378,"sClass":"NameText","bIsMovable":false,"nX":5,"nY":-10,"sText":"1"},"378":{"nParent":264,"sClass":"BitWidth","aElements":[376,377],"nPos":250},"379":{"nParent":381,"sClass":"ViewPath","bIsMovable":false,"nX":0,"nY":0,"sPath":"M-2,5l4,-10"},"380":{"nParent":381,"sClass":"NameText","bIsMovable":false,"nX":5,"nY":-10,"sText":"4"},"381":{"nParent":269,"sClass":"BitWidth","aElements":[379,380],"nPos":125},"382":{"nParent":384,"sClass":"ViewPath","bIsMovable":false,"nX":0,"nY":0,"sPath":"M-2,5l4,-10"},"383":{"nParent":384,"sClass":"NameText","bIsMovable":false,"nX":5,"nY":-10,"sText":"4"},"384":{"nParent":310,"sClass":"BitWidth","aElements":[382,383],"nPos":180},"385":{"nParent":387,"sClass":"ViewPath","bIsMovable":false,"nX":0,"nY":0,"sPath":"M-2,5l4,-10"},"386":{"nParent":387,"sClass":"NameText","bIsMovable":false,"nX":5,"nY":-10,"sText":"4"},"387":{"nParent":324,"sClass":"BitWidth","aElements":[385,386],"nPos":255},"388":{"nParent":390,"sClass":"ViewPath","bIsMovable":false,"nX":0,"nY":0,"sPath":"M-2,5l4,-10"},"389":{"nParent":390,"sClass":"NameText","bIsMovable":false,"nX":5,"nY":-10,"sText":"4"},"390":{"nParent":339,"sClass":"BitWidth","aElements":[388,389],"nPos":500},"391":{"nParent":393,"sClass":"ViewPath","bIsMovable":false,"nX":0,"nY":0,"sPath":"M-2,5l4,-10"},"392":{"nParent":393,"sClass":"NameText","bIsMovable":false,"nX":5,"nY":-10,"sText":"1"},"393":{"nParent":267,"sClass":"BitWidth","aElements":[391,392],"nPos":5},"394":{"nParent":396,"sClass":"ViewPath","bIsMovable":false,"nX":0,"nY":0,"sPath":"M-2,5l4,-10"},"395":{"nParent":396,"sClass":"NameText","bIsMovable":false,"nX":5,"nY":-10,"sText":"1"},"396":{"nParent":274,"sClass":"BitWidth","aElements":[394,395],"nPos":10},"397":{"nParent":399,"sClass":"ViewPath","bIsMovable":false,"nX":0,"nY":0,"sPath":"M-2,5l4,-10"},"398":{"nParent":399,"sClass":"NameText","bIsMovable":false,"nX":5,"nY":-10,"sText":"1"},"399":{"nParent":278,"sClass":"BitWidth","aElements":[397,398],"nPos":10},"400":{"nParent":402,"sClass":"ViewPath","bIsMovable":false,"nX":0,"nY":0,"sPath":"M-2,5l4,-10"},"401":{"nParent":402,"sClass":"NameText","bIsMovable":false,"nX":5,"nY":-10,"sText":"1"},"402":{"nParent":281,"sClass":"BitWidth","aElements":[400,401],"nPos":10},"403":{"nParent":405,"sClass":"ViewPath","bIsMovable":false,"nX":0,"nY":0,"sPath":"M-2,5l4,-10"},"404":{"nParent":405,"sClass":"NameText","bIsMovable":false,"nX":5,"nY":-10,"sText":"1"},"405":{"nParent":162,"sClass":"BitWidth","aElements":[403,404],"nPos":260},"406":{"nParent":408,"sClass":"ViewPath","bIsMovable":false,"nX":0,"nY":0,"sPath":"M-2,5l4,-10"},"407":{"nParent":408,"sClass":"NameText","bIsMovable":false,"nX":5,"nY":-10,"sText":"1"},"408":{"nParent":163,"sClass":"BitWidth","aElements":[406,407],"nPos":10},"409":{"nParent":411,"sClass":"ViewPath","bIsMovable":false,"nX":0,"nY":0,"sPath":"M-2,5l4,-10"},"410":{"nParent":411,"sClass":"NameText","bIsMovable":false,"nX":5,"nY":-10,"sText":"1"},"411":{"nParent":70,"sClass":"BitWidth","aElements":[409,410],"nPos":260},"412":{"nParent":414,"sClass":"ViewPath","bIsMovable":false,"nX":0,"nY":0,"sPath":"M-2,5l4,-10"},"413":{"nParent":414,"sClass":"NameText","bIsMovable":false,"nX":5,"nY":-10,"sText":"1"},"414":{"nParent":311,"sClass":"BitWidth","aElements":[412,413],"nPos":10},"415":{"nParent":417,"sClass":"ViewPath","bIsMovable":false,"nX":0,"nY":0,"sPath":"M-2,5l4,-10"},"416":{"nParent":417,"sClass":"NameText","bIsMovable":false,"nX":5,"nY":-10,"sText":"1"},"417":{"nParent":73,"sClass":"BitWidth","aElements":[415,416],"nPos":260},"418":{"nParent":420,"sClass":"ViewPath","bIsMovable":false,"nX":0,"nY":0,"sPath":"M-2,5l4,-10"},"419":{"nParent":420,"sClass":"NameText","bIsMovable":false,"nX":5,"nY":-10,"sText":"1"},"420":{"nParent":164,"sClass":"BitWidth","aElements":[418,419],"nPos":75},"421":{"nParent":423,"sClass":"ViewPath","bIsMovable":false,"nX":0,"nY":0,"sPath":"M-2,5l4,-10"},"422":{"nParent":423,"sClass":"NameText","bIsMovable":false,"nX":5,"nY":-10,"sText":"1"},"423":{"nParent":165,"sClass":"BitWidth","aElements":[421,422],"nPos":80},"424":{"nParent":426,"sClass":"ViewPath","bIsMovable":false,"nX":0,"nY":0,"sPath":"M-2,5l4,-10"},"425":{"nParent":426,"sClass":"NameText","bIsMovable":false,"nX":5,"nY":-10,"sText":"1"},"426":{"nParent":296,"sClass":"BitWidth","aElements":[424,425],"nPos":10},"427":{"nParent":429,"sClass":"ViewPath","bIsMovable":false,"nX":0,"nY":0,"sPath":"M-2,5l4,-10"},"428":{"nParent":429,"sClass":"NameText","bIsMovable":false,"nX":5,"nY":-10,"sText":"1"},"429":{"nParent":301,"sClass":"BitWidth","aElements":[427,428],"nPos":10},"430":{"nParent":432,"sClass":"ViewPath","bIsMovable":false,"nX":0,"nY":0,"sPath":"M-2,5l4,-10"},"431":{"nParent":432,"sClass":"NameText","bIsMovable":false,"nX":5,"nY":-10,"sText":"1"},"432":{"nParent":304,"sClass":"BitWidth","aElements":[430,431],"nPos":10},"433":{"nParent":435,"sClass":"ViewPath","bIsMovable":false,"nX":0,"nY":0,"sPath":"M-2,5l4,-10"},"434":{"nParent":435,"sClass":"NameText","bIsMovable":false,"nX":5,"nY":-10,"sText":"1"},"435":{"nParent":307,"sClass":"BitWidth","aElements":[433,434],"nPos":10},"436":{"nParent":438,"sClass":"ViewPath","bIsMovable":false,"nX":0,"nY":0,"sPath":"M-2,5l4,-10"},"437":{"nParent":438,"sClass":"NameText","bIsMovable":false,"nX":5,"nY":-10,"sText":"1"},"438":{"nParent":313,"sClass":"BitWidth","aElements":[436,437],"nPos":5},"439":{"nParent":441,"sClass":"ViewPath","bIsMovable":false,"nX":0,"nY":0,"sPath":"M-2,5l4,-10"},"440":{"nParent":441,"sClass":"NameText","bIsMovable":false,"nX":5,"nY":-10,"sText":"1"},"441":{"nParent":315,"sClass":"BitWidth","aElements":[439,440],"nPos":10},"442":{"nParent":444,"sClass":"ViewPath","bIsMovable":false,"nX":0,"nY":0,"sPath":"M-2,5l4,-10"},"443":{"nParent":444,"sClass":"NameText","bIsMovable":false,"nX":5,"nY":-10,"sText":"1"},"444":{"nParent":318,"sClass":"BitWidth","aElements":[442,443],"nPos":10},"445":{"nParent":447,"sClass":"ViewPath","bIsMovable":false,"nX":0,"nY":0,"sPath":"M-2,5l4,-10"},"446":{"nParent":447,"sClass":"NameText","bIsMovable":false,"nX":5,"nY":-10,"sText":"1"},"447":{"nParent":321,"sClass":"BitWidth","aElements":[445,446],"nPos":10},"448":{"nParent":450,"sClass":"ViewPath","bIsMovable":false,"nX":0,"nY":0,"sPath":"M-2,5l4,-10"},"449":{"nParent":450,"sClass":"NameText","bIsMovable":false,"nX":5,"nY":-10,"sText":"1"},"450":{"nParent":186,"sClass":"BitWidth","aElements":[448,449],"nPos":270},"451":{"nParent":453,"sClass":"ViewPath","bIsMovable":false,"nX":0,"nY":0,"sPath":"M-2,5l4,-10"},"452":{"nParent":453,"sClass":"NameText","bIsMovable":false,"nX":5,"nY":-10,"sText":"1"},"453":{"nParent":192,"sClass":"BitWidth","aElements":[451,452],"nPos":15},"454":{"nParent":456,"sClass":"ViewPath","bIsMovable":false,"nX":0,"nY":0,"sPath":"M-2,5l4,-10"},"455":{"nParent":456,"sClass":"NameText","bIsMovable":false,"nX":5,"nY":-10,"sText":"1"},"456":{"nParent":187,"sClass":"BitWidth","aElements":[454,455],"nPos":15},"457":{"nParent":459,"sClass":"ViewPath","bIsMovable":false,"nX":0,"nY":0,"sPath":"M-2,5l4,-10"},"458":{"nParent":459,"sClass":"NameText","bIsMovable":false,"nX":5,"nY":-10,"sText":"1"},"459":{"nParent":191,"sClass":"BitWidth","aElements":[457,458],"nPos":10},"460":{"nParent":462,"sClass":"ViewPath","bIsMovable":false,"nX":0,"nY":0,"sPath":"M-2,5l4,-10"},"461":{"nParent":462,"sClass":"NameText","bIsMovable":false,"nX":5,"nY":-10,"sText":"1"},"462":{"nParent":188,"sClass":"BitWidth","aElements":[460,461],"nPos":265},"463":{"nParent":465,"sClass":"ViewPath","bIsMovable":false,"nX":0,"nY":0,"sPath":"M-2,5l4,-10"},"464":{"nParent":465,"sClass":"NameText","bIsMovable":false,"nX":5,"nY":-10,"sText":"1"},"465":{"nParent":120,"sClass":"BitWidth","aElements":[463,464],"nPos":70},"466":{"nParent":468,"sClass":"ViewPath","bIsMovable":false,"nX":0,"nY":0,"sPath":"M-2,5l4,-10"},"467":{"nParent":468,"sClass":"NameText","bIsMovable":false,"nX":5,"nY":-10,"sText":"1"},"468":{"nParent":189,"sClass":"BitWidth","aElements":[466,467],"nPos":340},"469":{"nParent":471,"sClass":"ViewPath","bIsMovable":false,"nX":0,"nY":0,"sPath":"M-2,5l4,-10"},"470":{"nParent":471,"sClass":"NameText","bIsMovable":false,"nX":5,"nY":-10,"sText":"1"},"471":{"nParent":190,"sClass":"BitWidth","aElements":[469,470],"nPos":65},"472":{"nParent":474,"sClass":"ViewPath","bIsMovable":false,"nX":0,"nY":0,"sPath":"M-2,5l4,-10"},"473":{"nParent":474,"sClass":"NameText","bIsMovable":false,"nX":5,"nY":-10,"sText":"1"},"474":{"nParent":326,"sClass":"BitWidth","aElements":[472,473],"nPos":10},"475":{"nParent":477,"sClass":"ViewPath","bIsMovable":false,"nX":0,"nY":0,"sPath":"M-2,5l4,-10"},"476":{"nParent":477,"sClass":"NameText","bIsMovable":false,"nX":5,"nY":-10,"sText":"1"},"477":{"nParent":333,"sClass":"BitWidth","aElements":[475,476],"nPos":10},"478":{"nParent":480,"sClass":"ViewPath","bIsMovable":false,"nX":0,"nY":0,"sPath":"M-2,5l4,-10"},"479":{"nParent":480,"sClass":"NameText","bIsMovable":false,"nX":5,"nY":-10,"sText":"1"},"480":{"nParent":335,"sClass":"BitWidth","aElements":[478,479],"nPos":10},"481":{"nParent":483,"sClass":"ViewPath","bIsMovable":false,"nX":0,"nY":0,"sPath":"M-2,5l4,-10"},"482":{"nParent":483,"sClass":"NameText","bIsMovable":false,"nX":5,"nY":-10,"sText":"1"},"483":{"nParent":337,"sClass":"BitWidth","aElements":[481,482],"nPos":10},"484":{"nParent":486,"sClass":"ViewPath","bIsMovable":false,"nX":0,"nY":0,"sPath":"M-2,5l4,-10"},"485":{"nParent":486,"sClass":"NameText","bIsMovable":false,"nX":5,"nY":-10,"sText":"1"},"486":{"nParent":221,"sClass":"BitWidth","aElements":[484,485],"nPos":205},"487":{"nParent":489,"sClass":"ViewPath","bIsMovable":false,"nX":0,"nY":0,"sPath":"M-2,5l4,-10"},"488":{"nParent":489,"sClass":"NameText","bIsMovable":false,"nX":5,"nY":-10,"sText":"1"},"489":{"nParent":224,"sClass":"BitWidth","aElements":[487,488],"nPos":35},"490":{"nParent":492,"sClass":"ViewPath","bIsMovable":false,"nX":0,"nY":0,"sPath":"M-2,5l4,-10"},"491":{"nParent":492,"sClass":"NameText","bIsMovable":false,"nX":5,"nY":-10,"sText":"1"},"492":{"nParent":225,"sClass":"BitWidth","aElements":[490,491],"nPos":15},"493":{"nParent":495,"sClass":"ViewPath","bIsMovable":false,"nX":0,"nY":0,"sPath":"M-2,5l4,-10"},"494":{"nParent":495,"sClass":"NameText","bIsMovable":false,"nX":5,"nY":-10,"sText":"1"},"495":{"nParent":229,"sClass":"BitWidth","aElements":[493,494],"nPos":10},"496":{"nParent":498,"sClass":"ViewPath","bIsMovable":false,"nX":0,"nY":0,"sPath":"M-2,5l4,-10"},"497":{"nParent":498,"sClass":"NameText","bIsMovable":false,"nX":5,"nY":-10,"sText":"1"},"498":{"nParent":226,"sClass":"BitWidth","aElements":[496,497],"nPos":20},"499":{"nParent":501,"sClass":"ViewPath","bIsMovable":false,"nX":0,"nY":0,"sPath":"M-2,5l4,-10"},"500":{"nParent":501,"sClass":"NameText","bIsMovable":false,"nX":5,"nY":-10,"sText":"1"},"501":{"nParent":232,"sClass":"BitWidth","aElements":[499,500],"nPos":15},"502":{"nParent":504,"sClass":"ViewPath","bIsMovable":false,"nX":0,"nY":0,"sPath":"M-2,5l4,-10"},"503":{"nParent":504,"sClass":"NameText","bIsMovable":false,"nX":5,"nY":-10,"sText":"1"},"504":{"nParent":233,"sClass":"BitWidth","aElements":[502,503],"nPos":15},"505":{"nParent":507,"sClass":"ViewPath","bIsMovable":false,"nX":0,"nY":0,"sPath":"M-2,5l4,-10"},"506":{"nParent":507,"sClass":"NameText","bIsMovable":false,"nX":5,"nY":-10,"sText":"1"},"507":{"nParent":240,"sClass":"BitWidth","aElements":[505,506],"nPos":35},"508":{"nParent":267,"sClass":"NameText","bIsMovable":true,"nX":-20,"nY":-10,"sText":"a[0]"},"509":{"nParent":274,"sClass":"NameText","bIsMovable":true,"nX":-20,"nY":-10,"sText":"a[1]"},"510":{"nParent":278,"sClass":"NameText","bIsMovable":true,"nX":-25,"nY":-10,"sText":"a[2]"},"511":{"nParent":281,"sClass":"NameText","bIsMovable":true,"nX":-20,"nY":-10,"sText":"a[3]"},"512":{"nParent":514,"sClass":"ViewPath","bIsMovable":false,"nX":0,"nY":0,"sPath":"M-2,5l4,-10"},"513":{"nParent":514,"sClass":"NameText","bIsMovable":false,"nX":5,"nY":-10,"sText":"4"},"514":{"nParent":347,"sClass":"BitWidth","aElements":[512,513],"nPos":55},"515":{"nParent":517,"sClass":"ViewPath","bIsMovable":false,"nX":0,"nY":0,"sPath":"M-2,5l4,-10"},"516":{"nParent":517,"sClass":"NameText","bIsMovable":false,"nX":5,"nY":-10,"sText":"4"},"517":{"nParent":352,"sClass":"BitWidth","aElements":[515,516],"nPos":100},"522":{"sClass":"WirePoint","bIsMovable":true,"nX":1650,"nY":90},"523":{"sClass":"WirePoint","bIsMovable":true,"nX":380,"nY":90},"524":{"sClass":"WireLine","nPoint1":522,"nPoint2":523},"527":{"sClass":"WirePoint","bIsMovable":true,"nX":1650,"nY":170},"528":{"sClass":"WireLine","nPoint1":527,"nPoint2":155},"529":{"sClass":"WirePoint","bIsMovable":true,"nX":1650,"nY":330},"530":{"sClass":"WireLine","nPoint1":202,"nPoint2":529},"534":{"sClass":"WirePoint","bIsMovable":true,"nX":1650,"nY":390},"536":{"sClass":"WireLine","nPoint1":534,"nPoint2":203},"537":{"sClass":"WirePoint","bIsMovable":true,"nX":1570,"nY":450},"538":{"sClass":"WirePoint","bIsMovable":true,"nX":1650,"nY":450},"539":{"sClass":"WireLine","nPoint1":534,"nPoint2":538},"540":{"sClass":"WireLine","nPoint1":538,"nPoint2":537},"541":{"sClass":"WirePoint","bIsMovable":true,"nX":1570,"nY":510},"542":{"sClass":"WirePoint","bIsMovable":true,"nX":1650,"nY":510},"543":{"sClass":"WireLine","nPoint1":538,"nPoint2":542},"544":{"sClass":"WireLine","nPoint1":542,"nPoint2":541},"545":{"sClass":"WirePoint","bIsMovable":true,"nX":1650,"nY":570},"546":{"sClass":"WireLine","nPoint1":542,"nPoint2":545},"547":{"sClass":"WireLine","nPoint1":545,"nPoint2":206},"548":{"sClass":"WireLine","nPoint1":529,"nPoint2":522},"555":{"sClass":"WirePoint","bIsMovable":true,"nX":1650,"nY":250},"556":{"sClass":"WireLine","nPoint1":527,"nPoint2":555},"557":{"sClass":"WireLine","nPoint1":555,"nPoint2":179},"558":{"nParent":524,"sClass":"NameText","bIsMovable":true,"nX":-60,"nY":-10,"sText":"s[0]"},"559":{"nParent":528,"sClass":"NameText","bIsMovable":true,"nX":-60,"nY":-10,"sText":"s[1]"},"560":{"nParent":557,"sClass":"NameText","bIsMovable":true,"nX":-60,"nY":-10,"sText":"s[2]"},"561":{"nParent":530,"sClass":"NameText","bIsMovable":true,"nX":20,"nY":-10,"sText":"s[3]"},"562":{"nParent":536,"sClass":"NameText","bIsMovable":true,"nX":-60,"nY":-10,"sText":"s[4]"},"564":{"nParent":540,"sClass":"NameText","bIsMovable":true,"nX":-60,"nY":-10,"sText":"s[5]"},"565":{"nParent":544,"sClass":"NameText","bIsMovable":true,"nX":-60,"nY":-10,"sText":"s[6]"},"566":{"nParent":547,"sClass":"NameText","bIsMovable":true,"nX":-60,"nY":-10,"sText":"s[7]"},"567":{"nParent":569,"sClass":"ViewPath","bIsMovable":false,"nX":0,"nY":0,"sPath":"M-2,5l4,-10"},"568":{"nParent":569,"sClass":"NameText","bIsMovable":false,"nX":5,"nY":-10,"sText":"1"},"569":{"nParent":524,"sClass":"BitWidth","aElements":[567,568],"nPos":25},"570":{"nParent":572,"sClass":"ViewPath","bIsMovable":false,"nX":0,"nY":0,"sPath":"M-2,5l4,-10"},"571":{"nParent":572,"sClass":"NameText","bIsMovable":false,"nX":5,"nY":-10,"sText":"1"},"572":{"nParent":528,"sClass":"BitWidth","aElements":[570,571],"nPos":25},"573":{"nParent":575,"sClass":"ViewPath","bIsMovable":false,"nX":0,"nY":0,"sPath":"M-2,5l4,-10"},"574":{"nParent":575,"sClass":"NameText","bIsMovable":false,"nX":5,"nY":-10,"sText":"1"},"575":{"nParent":557,"sClass":"BitWidth","aElements":[573,574],"nPos":30},"576":{"nParent":578,"sClass":"ViewPath","bIsMovable":false,"nX":0,"nY":0,"sPath":"M-2,5l4,-10"},"577":{"nParent":578,"sClass":"NameText","bIsMovable":false,"nX":5,"nY":-10,"sText":"1"},"578":{"nParent":530,"sClass":"BitWidth","aElements":[576,577],"nPos":50},"579":{"nParent":581,"sClass":"ViewPath","bIsMovable":false,"nX":0,"nY":0,"sPath":"M-2,5l4,-10"},"580":{"nParent":581,"sClass":"NameText","bIsMovable":false,"nX":5,"nY":-10,"sText":"1"},"581":{"nParent":536,"sClass":"BitWidth","aElements":[579,580],"nPos":30},"582":{"nParent":584,"sClass":"ViewPath","bIsMovable":false,"nX":0,"nY":0,"sPath":"M-2,5l4,-10"},"583":{"nParent":584,"sClass":"NameText","bIsMovable":false,"nX":5,"nY":-10,"sText":"1"},"584":{"nParent":540,"sClass":"BitWidth","aElements":[582,583],"nPos":25},"585":{"nParent":587,"sClass":"ViewPath","bIsMovable":false,"nX":0,"nY":0,"sPath":"M-2,5l4,-10"},"586":{"nParent":587,"sClass":"NameText","bIsMovable":false,"nX":5,"nY":-10,"sText":"1"},"587":{"nParent":544,"sClass":"BitWidth","aElements":[585,586],"nPos":30},"588":{"nParent":590,"sClass":"ViewPath","bIsMovable":false,"nX":0,"nY":0,"sPath":"M-2,5l4,-10"},"589":{"nParent":590,"sClass":"NameText","bIsMovable":false,"nX":5,"nY":-10,"sText":"1"},"590":{"nParent":547,"sClass":"BitWidth","aElements":[588,589],"nPos":25},"591":{"sClass":"WirePoint","bIsMovable":true,"nX":1650,"nY":360},"592":{"sClass":"WireLine","nPoint1":529,"nPoint2":591},"593":{"sClass":"WireLine","nPoint1":591,"nPoint2":534},"594":{"sClass":"WirePoint","bIsMovable":true,"nX":1730,"nY":360},"595":{"sClass":"WireLine","nPoint1":591,"nPoint2":594},"596":{"nParent":595,"sClass":"NameText","bIsMovable":true,"nX":75,"nY":-10,"sText":"s"},"597":{"nParent":599,"sClass":"ViewPath","bIsMovable":false,"nX":0,"nY":0,"sPath":"M-2,5l4,-10"},"598":{"nParent":599,"sClass":"NameText","bIsMovable":false,"nX":5,"nY":-10,"sText":"8"},"599":{"nParent":595,"sClass":"BitWidth","aElements":[597,598],"nPos":60},"600":{"sClass":"WirePoint","bIsMovable":true,"nX":590,"nY":330},"601":{"sClass":"WireLine","nPoint1":153,"nPoint2":600},"602":{"nParent":604,"sClass":"ViewPath","bIsMovable":false,"nX":0,"nY":0,"sPath":"M-2,5l4,-10"},"603":{"nParent":604,"sClass":"NameText","bIsMovable":false,"nX":5,"nY":-10,"sText":"1"},"604":{"nParent":601,"sClass":"BitWidth","aElements":[602,603],"nPos":15},"605":{"nParent":601,"sClass":"NameText","bIsMovable":true,"nX":-55,"nY":10,"sText":"0 (false)"},"606":{"nParent":617,"sClass":"ViewPath","bIsMovable":false,"nX":0,"nY":0,"sPath":"M0,70h20v60h-20h20v60h-20h20v60h-20h20v40h80v-40h20h-20v-60h20h-20v-60h20h-20v-60h20h-20v-40h-40v-30v30h-40v40z"},"607":{"nParent":617,"sClass":"InputPort","bIsMovable":true,"nX":0,"nY":70},"608":{"nParent":617,"sClass":"InputPort","bIsMovable":true,"nX":0,"nY":130},"609":{"nParent":617,"sClass":"InputPort","bIsMovable":true,"nX":0,"nY":190},"610":{"nParent":617,"sClass":"InputPort","bIsMovable":true,"nX":0,"nY":250},"611":{"nParent":617,"sClass":"InputPort","bIsMovable":true,"nX":60,"nY":0},"612":{"nParent":617,"sClass":"OutputPort","bIsMovable":true,"nX":120,"nY":70},"613":{"nParent":617,"sClass":"OutputPort","bIsMovable":true,"nX":120,"nY":130},"614":{"nParent":617,"sClass":"OutputPort","bIsMovable":true,"nX":120,"nY":190},"615":{"nParent":617,"sClass":"OutputPort","bIsMovable":true,"nX":120,"nY":250},"616":{"nParent":617,"sClass":"NameText","bIsMovable":false,"nX":65,"nY":150,"sText":"Four ands"},"617":{"sClass":"Chip","aElements":[606,607,608,609,610,611,612,613,614,615,616],"nX":240,"nY":530},"618":{"nParent":629,"sClass":"ViewPath","bIsMovable":false,"nX":0,"nY":0,"sPath":"M0,70h20v60h-20h20v60h-20h20v60h-20h20v40h80v-40h20h-20v-60h20h-20v-60h20h-20v-60h20h-20v-40h-40v-30v30h-40v40z"},"619":{"nParent":629,"sClass":"InputPort","bIsMovable":true,"nX":0,"nY":70},"620":{"nParent":629,"sClass":"InputPort","bIsMovable":true,"nX":0,"nY":130},"621":{"nParent":629,"sClass":"InputPort","bIsMovable":true,"nX":0,"nY":190},"622":{"nParent":629,"sClass":"InputPort","bIsMovable":true,"nX":0,"nY":250},"623":{"nParent":629,"sClass":"InputPort","bIsMovable":true,"nX":60,"nY":0},"624":{"nParent":629,"sClass":"OutputPort","bIsMovable":true,"nX":120,"nY":70},"625":{"nParent":629,"sClass":"OutputPort","bIsMovable":true,"nX":120,"nY":130},"626":{"nParent":629,"sClass":"OutputPort","bIsMovable":true,"nX":120,"nY":190},"627":{"nParent":629,"sClass":"OutputPort","bIsMovable":true,"nX":120,"nY":250},"628":{"nParent":629,"sClass":"NameText","bIsMovable":false,"nX":65,"nY":150,"sText":"Four ands"},"629":{"sClass":"Chip","aElements":[618,619,620,621,622,623,624,625,626,627,628],"nX":440,"nY":620},"630":{"nParent":645,"sClass":"ViewPath","bIsMovable":false,"nX":0,"nY":0,"sPath":"M0,20h20v40h-20h20v20h-20h20v40h-20h20v20h-20h20v40h-20h20v20h-20h20v40h-20h20v20h50v20v-20h50v-40h20h-20v-60h20h-20v-60h20h-20v-60h20h-20v-40h-100v20z"},"631":{"nParent":645,"sClass":"InputPort","bIsMovable":true,"nX":0,"nY":20},"632":{"nParent":645,"sClass":"InputPort","bIsMovable":true,"nX":0,"nY":60},"633":{"nParent":645,"sClass":"InputPort","bIsMovable":true,"nX":0,"nY":80},"634":{"nParent":645,"sClass":"InputPort","bIsMovable":true,"nX":0,"nY":120},"635":{"nParent":645,"sClass":"InputPort","bIsMovable":true,"nX":0,"nY":140},"636":{"nParent":645,"sClass":"InputPort","bIsMovable":true,"nX":0,"nY":180},"637":{"nParent":645,"sClass":"InputPort","bIsMovable":true,"nX":0,"nY":200},"638":{"nParent":645,"sClass":"InputPort","bIsMovable":true,"nX":0,"nY":240},"639":{"nParent":645,"sClass":"OutputPort","bIsMovable":true,"nX":140,"nY":40},"640":{"nParent":645,"sClass":"OutputPort","bIsMovable":true,"nX":140,"nY":100},"641":{"nParent":645,"sClass":"OutputPort","bIsMovable":true,"nX":140,"nY":160},"642":{"nParent":645,"sClass":"OutputPort","bIsMovable":true,"nX":140,"nY":220},"643":{"nParent":645,"sClass":"OutputPort","bIsMovable":true,"nX":70,"nY":280},"644":{"nParent":645,"sClass":"NameText","bIsMovable":false,"nX":70,"nY":110,"sText":"Four Full adders"},"645":{"sClass":"Chip","aElements":[630,631,632,633,634,635,636,637,638,639,640,641,642,643,644],"nX":600,"nY":640},"646":{"sClass":"WireLine","nPoint1":613,"nPoint2":631},"647":{"sClass":"WireLine","nPoint1":614,"nPoint2":633},"648":{"sClass":"WireLine","nPoint1":615,"nPoint2":635},"649":{"sClass":"WirePoint","bIsMovable":true,"nX":560,"nY":690},"651":{"sClass":"WirePoint","bIsMovable":true,"nX":560,"nY":700},"652":{"sClass":"WireLine","nPoint1":649,"nPoint2":651},"653":{"sClass":"WireLine","nPoint1":651,"nPoint2":632},"654":{"sClass":"WirePoint","bIsMovable":true,"nX":560,"nY":760},"655":{"sClass":"WireLine","nPoint1":625,"nPoint2":654},"656":{"sClass":"WireLine","nPoint1":654,"nPoint2":634},"657":{"sClass":"WirePoint","bIsMovable":true,"nX":560,"nY":810},"658":{"sClass":"WirePoint","bIsMovable":true,"nX":560,"nY":820},"659":{"sClass":"WireLine","nPoint1":657,"nPoint2":658},"660":{"sClass":"WireLine","nPoint1":658,"nPoint2":636},"661":{"sClass":"WirePoint","bIsMovable":true,"nX":560,"nY":880},"662":{"sClass":"WireLine","nPoint1":627,"nPoint2":661},"663":{"sClass":"WireLine","nPoint1":661,"nPoint2":638},"667":{"sClass":"WirePoint","bIsMovable":true,"nX":810,"nY":600},"668":{"sClass":"WireLine","nPoint1":612,"nPoint2":667},"673":{"sClass":"WirePoint","bIsMovable":true,"nX":810,"nY":600},"674":{"sClass":"WirePoint","bIsMovable":true,"nX":810,"nY":680},"675":{"sClass":"WireLine","nPoint1":639,"nPoint2":674},"676":{"sClass":"WireLine","nPoint1":674,"nPoint2":673},"681":{"sClass":"WirePoint","bIsMovable":true,"nX":810,"nY":740},"682":{"sClass":"WireLine","nPoint1":674,"nPoint2":681},"683":{"sClass":"WireLine","nPoint1":681,"nPoint2":640},"684":{"sClass":"WirePoint","bIsMovable":true,"nX":810,"nY":800},"686":{"sClass":"WireLine","nPoint1":684,"nPoint2":641},"687":{"sClass":"WirePoint","bIsMovable":true,"nX":810,"nY":860},"688":{"sClass":"WireLine","nPoint1":684,"nPoint2":687},"689":{"sClass":"WireLine","nPoint1":687,"nPoint2":642},"690":{"sClass":"WirePoint","bIsMovable":true,"nX":810,"nY":920},"691":{"sClass":"WireLine","nPoint1":687,"nPoint2":690},"692":{"sClass":"WireLine","nPoint1":690,"nPoint2":643},"693":{"sClass":"WirePoint","bIsMovable":true,"nX":810,"nY":760},"694":{"sClass":"WireLine","nPoint1":681,"nPoint2":693},"695":{"sClass":"WireLine","nPoint1":693,"nPoint2":684},"696":{"sClass":"WirePoint","bIsMovable":true,"nX":1740,"nY":760},"697":{"sClass":"WireLine","nPoint1":693,"nPoint2":696},"698":{"nParent":700,"sClass":"ViewPath","bIsMovable":false,"nX":0,"nY":0,"sPath":"M-2,5l4,-10"},"699":{"nParent":700,"sClass":"NameText","bIsMovable":false,"nX":5,"nY":-10,"sText":"1"},"700":{"nParent":668,"sClass":"BitWidth","aElements":[698,699],"nPos":430},"701":{"nParent":703,"sClass":"ViewPath","bIsMovable":false,"nX":0,"nY":0,"sPath":"M-2,5l4,-10"},"702":{"nParent":703,"sClass":"NameText","bIsMovable":false,"nX":5,"nY":-10,"sText":"1"},"703":{"nParent":675,"sClass":"BitWidth","aElements":[701,702],"nPos":50},"704":{"nParent":706,"sClass":"ViewPath","bIsMovable":false,"nX":0,"nY":0,"sPath":"M-2,5l4,-10"},"705":{"nParent":706,"sClass":"NameText","bIsMovable":false,"nX":5,"nY":-10,"sText":"1"},"706":{"nParent":683,"sClass":"BitWidth","aElements":[704,705],"nPos":15},"707":{"nParent":709,"sClass":"ViewPath","bIsMovable":false,"nX":0,"nY":0,"sPath":"M-2,5l4,-10"},"708":{"nParent":709,"sClass":"NameText","bIsMovable":false,"nX":5,"nY":-10,"sText":"1"},"709":{"nParent":686,"sClass":"BitWidth","aElements":[707,708],"nPos":20},"710":{"nParent":712,"sClass":"ViewPath","bIsMovable":false,"nX":0,"nY":0,"sPath":"M-2,5l4,-10"},"711":{"nParent":712,"sClass":"NameText","bIsMovable":false,"nX":5,"nY":-10,"sText":"1"},"712":{"nParent":689,"sClass":"BitWidth","aElements":[710,711],"nPos":20},"713":{"nParent":715,"sClass":"ViewPath","bIsMovable":false,"nX":0,"nY":0,"sPath":"M-2,5l4,-10"},"714":{"nParent":715,"sClass":"NameText","bIsMovable":false,"nX":5,"nY":-10,"sText":"1"},"715":{"nParent":692,"sClass":"BitWidth","aElements":[713,714],"nPos":20},"716":{"nParent":718,"sClass":"ViewPath","bIsMovable":false,"nX":0,"nY":0,"sPath":"M-2,5l4,-10"},"717":{"nParent":718,"sClass":"NameText","bIsMovable":false,"nX":5,"nY":-10,"sText":"6"},"718":{"nParent":697,"sClass":"BitWidth","aElements":[716,717],"nPos":900},"719":{"nParent":668,"sClass":"NameText","bIsMovable":true,"nX":410,"nY":-10,"sText":"u[0]"},"720":{"nParent":675,"sClass":"NameText","bIsMovable":true,"nX":30,"nY":-10,"sText":"u[1]"},"721":{"nParent":683,"sClass":"NameText","bIsMovable":true,"nX":-40,"nY":-10,"sText":"u[2]"},"722":{"nParent":686,"sClass":"NameText","bIsMovable":true,"nX":-40,"nY":-10,"sText":"u[3]"},"723":{"nParent":689,"sClass":"NameText","bIsMovable":true,"nX":-40,"nY":-10,"sText":"u[4]"},"724":{"nParent":692,"sClass":"NameText","bIsMovable":true,"nX":-40,"nY":-10,"sText":"u[5]"},"725":{"nParent":697,"sClass":"NameText","bIsMovable":true,"nX":925,"nY":-15,"sText":"u"},"726":{"sClass":"WirePoint","bIsMovable":true,"nX":190,"nY":490},"727":{"sClass":"WirePoint","bIsMovable":true,"nX":190,"nY":270},"728":{"sClass":"WireLine","nPoint1":280,"nPoint2":727},"729":{"sClass":"WireLine","nPoint1":727,"nPoint2":726},"733":{"sClass":"WirePoint","bIsMovable":true,"nX":190,"nY":600},"734":{"sClass":"WireLine","nPoint1":607,"nPoint2":733},"735":{"sClass":"WireLine","nPoint1":733,"nPoint2":726},"736":{"sClass":"WirePoint","bIsMovable":true,"nX":190,"nY":660},"737":{"sClass":"WireLine","nPoint1":608,"nPoint2":736},"738":{"sClass":"WireLine","nPoint1":736,"nPoint2":733},"739":{"sClass":"WirePoint","bIsMovable":true,"nX":190,"nY":720},"740":{"sClass":"WireLine","nPoint1":609,"nPoint2":739},"741":{"sClass":"WireLine","nPoint1":739,"nPoint2":736},"742":{"sClass":"WirePoint","bIsMovable":true,"nX":190,"nY":780},"743":{"sClass":"WireLine","nPoint1":610,"nPoint2":742},"744":{"sClass":"WireLine","nPoint1":742,"nPoint2":739},"745":{"nParent":729,"sClass":"NameText","bIsMovable":true,"nX":20,"nY":200,"sText":"a"},"746":{"nParent":748,"sClass":"ViewPath","bIsMovable":false,"nX":0,"nY":0,"sPath":"M-2,5l4,-10"},"747":{"nParent":748,"sClass":"NameText","bIsMovable":false,"nX":5,"nY":-10,"sText":"4"},"748":{"nParent":729,"sClass":"BitWidth","aElements":[746,747],"nPos":200},"749":{"nParent":751,"sClass":"ViewPath","bIsMovable":false,"nX":0,"nY":0,"sPath":"M-2,5l4,-10"},"750":{"nParent":751,"sClass":"NameText","bIsMovable":false,"nX":5,"nY":-10,"sText":"1"},"751":{"nParent":734,"sClass":"BitWidth","aElements":[749,750],"nPos":10},"752":{"nParent":754,"sClass":"ViewPath","bIsMovable":false,"nX":0,"nY":0,"sPath":"M-2,5l4,-10"},"753":{"nParent":754,"sClass":"NameText","bIsMovable":false,"nX":5,"nY":-10,"sText":"1"},"754":{"nParent":737,"sClass":"BitWidth","aElements":[752,753],"nPos":10},"755":{"nParent":757,"sClass":"ViewPath","bIsMovable":false,"nX":0,"nY":0,"sPath":"M-2,5l4,-10"},"756":{"nParent":757,"sClass":"NameText","bIsMovable":false,"nX":5,"nY":-10,"sText":"1"},"757":{"nParent":740,"sClass":"BitWidth","aElements":[755,756],"nPos":10},"758":{"nParent":760,"sClass":"ViewPath","bIsMovable":false,"nX":0,"nY":0,"sPath":"M-2,5l4,-10"},"759":{"nParent":760,"sClass":"NameText","bIsMovable":false,"nX":5,"nY":-10,"sText":"1"},"760":{"nParent":743,"sClass":"BitWidth","aElements":[758,759],"nPos":10},"761":{"nParent":734,"sClass":"NameText","bIsMovable":true,"nX":-30,"nY":-10,"sText":"a[0]"},"762":{"nParent":737,"sClass":"NameText","bIsMovable":true,"nX":-30,"nY":-10,"sText":"a[1]"},"763":{"nParent":740,"sClass":"NameText","bIsMovable":true,"nX":-30,"nY":-10,"sText":"a[2]"},"764":{"nParent":743,"sClass":"NameText","bIsMovable":true,"nX":-30,"nY":-10,"sText":"a[4]"},"765":{"nParent":767,"sClass":"ViewPath","bIsMovable":false,"nX":0,"nY":0,"sPath":"M-2,5l4,-10"},"766":{"nParent":767,"sClass":"NameText","bIsMovable":false,"nX":5,"nY":-10,"sText":"4"},"767":{"nParent":735,"sClass":"BitWidth","aElements":[765,766],"nPos":75},"768":{"nParent":735,"sClass":"NameText","bIsMovable":true,"nX":15,"nY":-90,"sText":"a"},"769":{"sClass":"WirePoint","bIsMovable":true,"nX":390,"nY":490},"770":{"sClass":"WireLine","nPoint1":726,"nPoint2":769},"775":{"sClass":"WirePoint","bIsMovable":true,"nX":390,"nY":690},"776":{"sClass":"WireLine","nPoint1":619,"nPoint2":775},"777":{"sClass":"WireLine","nPoint1":775,"nPoint2":769},"778":{"sClass":"WirePoint","bIsMovable":true,"nX":390,"nY":750},"779":{"sClass":"WireLine","nPoint1":620,"nPoint2":778},"780":{"sClass":"WireLine","nPoint1":778,"nPoint2":775},"781":{"sClass":"WirePoint","bIsMovable":true,"nX":390,"nY":810},"782":{"sClass":"WireLine","nPoint1":621,"nPoint2":781},"783":{"sClass":"WireLine","nPoint1":781,"nPoint2":778},"784":{"sClass":"WirePoint","bIsMovable":true,"nX":390,"nY":870},"785":{"sClass":"WireLine","nPoint1":622,"nPoint2":784},"786":{"sClass":"WireLine","nPoint1":784,"nPoint2":781},"787":{"nParent":770,"sClass":"NameText","bIsMovable":true,"nX":60,"nY":-10,"sText":"a"},"788":{"nParent":790,"sClass":"ViewPath","bIsMovable":false,"nX":0,"nY":0,"sPath":"M-2,5l4,-10"},"789":{"nParent":790,"sClass":"NameText","bIsMovable":false,"nX":5,"nY":-10,"sText":"4"},"790":{"nParent":770,"sClass":"BitWidth","aElements":[788,789],"nPos":80},"791":{"nParent":793,"sClass":"ViewPath","bIsMovable":false,"nX":0,"nY":0,"sPath":"M-2,5l4,-10"},"792":{"nParent":793,"sClass":"NameText","bIsMovable":false,"nX":5,"nY":-10,"sText":"1"},"793":{"nParent":776,"sClass":"BitWidth","aElements":[791,792],"nPos":10},"794":{"nParent":796,"sClass":"ViewPath","bIsMovable":false,"nX":0,"nY":0,"sPath":"M-2,5l4,-10"},"795":{"nParent":796,"sClass":"NameText","bIsMovable":false,"nX":5,"nY":-10,"sText":"1"},"796":{"nParent":779,"sClass":"BitWidth","aElements":[794,795],"nPos":10},"797":{"nParent":799,"sClass":"ViewPath","bIsMovable":false,"nX":0,"nY":0,"sPath":"M-2,5l4,-10"},"798":{"nParent":799,"sClass":"NameText","bIsMovable":false,"nX":5,"nY":-10,"sText":"1"},"799":{"nParent":782,"sClass":"BitWidth","aElements":[797,798],"nPos":10},"800":{"nParent":802,"sClass":"ViewPath","bIsMovable":false,"nX":0,"nY":0,"sPath":"M-2,5l4,-10"},"801":{"nParent":802,"sClass":"NameText","bIsMovable":false,"nX":5,"nY":-10,"sText":"1"},"802":{"nParent":785,"sClass":"BitWidth","aElements":[800,801],"nPos":10},"803":{"nParent":805,"sClass":"ViewPath","bIsMovable":false,"nX":0,"nY":0,"sPath":"M-2,5l4,-10"},"804":{"nParent":805,"sClass":"NameText","bIsMovable":false,"nX":5,"nY":-10,"sText":"1"},"805":{"nParent":663,"sClass":"BitWidth","aElements":[803,804],"nPos":25},"806":{"nParent":808,"sClass":"ViewPath","bIsMovable":false,"nX":0,"nY":0,"sPath":"M-2,5l4,-10"},"807":{"nParent":808,"sClass":"NameText","bIsMovable":false,"nX":5,"nY":-10,"sText":"1"},"808":{"nParent":660,"sClass":"BitWidth","aElements":[806,807],"nPos":30},"809":{"nParent":811,"sClass":"ViewPath","bIsMovable":false,"nX":0,"nY":0,"sPath":"M-2,5l4,-10"},"810":{"nParent":811,"sClass":"NameText","bIsMovable":false,"nX":5,"nY":-10,"sText":"1"},"811":{"nParent":648,"sClass":"BitWidth","aElements":[809,810],"nPos":230},"812":{"nParent":814,"sClass":"ViewPath","bIsMovable":false,"nX":0,"nY":0,"sPath":"M-2,5l4,-10"},"813":{"nParent":814,"sClass":"NameText","bIsMovable":false,"nX":5,"nY":-10,"sText":"1"},"814":{"nParent":656,"sClass":"BitWidth","aElements":[812,813],"nPos":30},"815":{"nParent":817,"sClass":"ViewPath","bIsMovable":false,"nX":0,"nY":0,"sPath":"M-2,5l4,-10"},"816":{"nParent":817,"sClass":"NameText","bIsMovable":false,"nX":5,"nY":-10,"sText":"1"},"817":{"nParent":647,"sClass":"BitWidth","aElements":[815,816],"nPos":230},"818":{"nParent":820,"sClass":"ViewPath","bIsMovable":false,"nX":0,"nY":0,"sPath":"M-2,5l4,-10"},"819":{"nParent":820,"sClass":"NameText","bIsMovable":false,"nX":5,"nY":-10,"sText":"1"},"820":{"nParent":653,"sClass":"BitWidth","aElements":[818,819],"nPos":30},"821":{"nParent":823,"sClass":"ViewPath","bIsMovable":false,"nX":0,"nY":0,"sPath":"M-2,5l4,-10"},"822":{"nParent":823,"sClass":"NameText","bIsMovable":false,"nX":5,"nY":-10,"sText":"1"},"823":{"nParent":646,"sClass":"BitWidth","aElements":[821,822],"nPos":230},"824":{"nParent":776,"sClass":"NameText","bIsMovable":true,"nX":-30,"nY":-10,"sText":"a[0]"},"825":{"nParent":779,"sClass":"NameText","bIsMovable":true,"nX":-30,"nY":-10,"sText":"a[1]"},"826":{"nParent":782,"sClass":"NameText","bIsMovable":true,"nX":-30,"nY":-10,"sText":"a[2]"},"827":{"nParent":785,"sClass":"NameText","bIsMovable":true,"nX":-30,"nY":-10,"sText":"a[3]"},"828":{"sClass":"WirePoint","bIsMovable":true,"nX":140,"nY":-50},"829":{"sClass":"WireLine","nPoint1":241,"nPoint2":828},"830":{"sClass":"WirePoint","bIsMovable":true,"nX":140,"nY":420},"831":{"sClass":"WireLine","nPoint1":828,"nPoint2":830},"835":{"sClass":"WirePoint","bIsMovable":true,"nX":300,"nY":420},"836":{"sClass":"WireLine","nPoint1":611,"nPoint2":835},"837":{"sClass":"WireLine","nPoint1":835,"nPoint2":830},"838":{"sClass":"WirePoint","bIsMovable":true,"nX":500,"nY":420},"839":{"sClass":"WireLine","nPoint1":623,"nPoint2":838},"840":{"sClass":"WireLine","nPoint1":838,"nPoint2":835},"841":{"nParent":837,"sClass":"NameText","bIsMovable":true,"nX":-70,"nY":-10,"sText":"b"},"842":{"nParent":844,"sClass":"ViewPath","bIsMovable":false,"nX":0,"nY":0,"sPath":"M-2,5l4,-10"},"843":{"nParent":844,"sClass":"NameText","bIsMovable":false,"nX":5,"nY":-10,"sText":"4"},"844":{"nParent":837,"sClass":"BitWidth","aElements":[842,843],"nPos":60},"845":{"nParent":847,"sClass":"ViewPath","bIsMovable":false,"nX":0,"nY":0,"sPath":"M-2,5l4,-10"},"846":{"nParent":847,"sClass":"NameText","bIsMovable":false,"nX":5,"nY":-10,"sText":"1"},"847":{"nParent":836,"sClass":"BitWidth","aElements":[845,846],"nPos":15},"848":{"nParent":850,"sClass":"ViewPath","bIsMovable":false,"nX":0,"nY":0,"sPath":"M-2,5l4,-10"},"849":{"nParent":850,"sClass":"NameText","bIsMovable":false,"nX":5,"nY":-10,"sText":"1"},"850":{"nParent":839,"sClass":"BitWidth","aElements":[848,849],"nPos":45},"852":{"nParent":836,"sClass":"NameText","bIsMovable":true,"nX":15,"nY":-30,"sText":"b[0]"},"853":{"nParent":839,"sClass":"NameText","bIsMovable":true,"nX":20,"nY":-70,"sText":"b[1]"},"854":{"nParent":865,"sClass":"ViewPath","bIsMovable":false,"nX":0,"nY":0,"sPath":"M0,70h20v60h-20h20v60h-20h20v60h-20h20v40h80v-40h20h-20v-60h20h-20v-60h20h-20v-60h20h-20v-40h-40v-30v30h-40v40z"},"855":{"nParent":865,"sClass":"InputPort","bIsMovable":true,"nX":0,"nY":70},"856":{"nParent":865,"sClass":"InputPort","bIsMovable":true,"nX":0,"nY":130},"857":{"nParent":865,"sClass":"InputPort","bIsMovable":true,"nX":0,"nY":190},"858":{"nParent":865,"sClass":"InputPort","bIsMovable":true,"nX":0,"nY":250},"859":{"nParent":865,"sClass":"InputPort","bIsMovable":true,"nX":60,"nY":0},"860":{"nParent":865,"sClass":"OutputPort","bIsMovable":true,"nX":120,"nY":70},"861":{"nParent":865,"sClass":"OutputPort","bIsMovable":true,"nX":120,"nY":130},"862":{"nParent":865,"sClass":"OutputPort","bIsMovable":true,"nX":120,"nY":190},"863":{"nParent":865,"sClass":"OutputPort","bIsMovable":true,"nX":120,"nY":250},"864":{"nParent":865,"sClass":"NameText","bIsMovable":false,"nX":65,"nY":150,"sText":"Four ands"},"865":{"sClass":"Chip","aElements":[854,855,856,857,858,859,860,861,862,863,864],"nX":200,"nY":1050},"866":{"nParent":877,"sClass":"ViewPath","bIsMovable":false,"nX":0,"nY":0,"sPath":"M0,70h20v60h-20h20v60h-20h20v60h-20h20v40h80v-40h20h-20v-60h20h-20v-60h20h-20v-60h20h-20v-40h-40v-30v30h-40v40z"},"867":{"nParent":877,"sClass":"InputPort","bIsMovable":true,"nX":0,"nY":70},"868":{"nParent":877,"sClass":"InputPort","bIsMovable":true,"nX":0,"nY":130},"869":{"nParent":877,"sClass":"InputPort","bIsMovable":true,"nX":0,"nY":190},"870":{"nParent":877,"sClass":"InputPort","bIsMovable":true,"nX":0,"nY":250},"871":{"nParent":877,"sClass":"InputPort","bIsMovable":true,"nX":60,"nY":0},"872":{"nParent":877,"sClass":"OutputPort","bIsMovable":true,"nX":120,"nY":70},"873":{"nParent":877,"sClass":"OutputPort","bIsMovable":true,"nX":120,"nY":130},"874":{"nParent":877,"sClass":"OutputPort","bIsMovable":true,"nX":120,"nY":190},"875":{"nParent":877,"sClass":"OutputPort","bIsMovable":true,"nX":120,"nY":250},"876":{"nParent":877,"sClass":"NameText","bIsMovable":false,"nX":65,"nY":150,"sText":"Four ands"},"877":{"sClass":"Chip","aElements":[866,867,868,869,870,871,872,873,874,875,876],"nX":380,"nY":1130},"878":{"nParent":893,"sClass":"ViewPath","bIsMovable":false,"nX":0,"nY":0,"sPath":"M0,20h20v40h-20h20v20h-20h20v40h-20h20v20h-20h20v40h-20h20v20h-20h20v40h-20h20v20h50v20v-20h50v-40h20h-20v-60h20h-20v-60h20h-20v-60h20h-20v-40h-100v20z"},"879":{"nParent":893,"sClass":"InputPort","bIsMovable":true,"nX":0,"nY":20},"880":{"nParent":893,"sClass":"InputPort","bIsMovable":true,"nX":0,"nY":60},"881":{"nParent":893,"sClass":"InputPort","bIsMovable":true,"nX":0,"nY":80},"882":{"nParent":893,"sClass":"InputPort","bIsMovable":true,"nX":0,"nY":120},"883":{"nParent":893,"sClass":"InputPort","bIsMovable":true,"nX":0,"nY":140},"884":{"nParent":893,"sClass":"InputPort","bIsMovable":true,"nX":0,"nY":180},"885":{"nParent":893,"sClass":"InputPort","bIsMovable":true,"nX":0,"nY":200},"886":{"nParent":893,"sClass":"InputPort","bIsMovable":true,"nX":0,"nY":240},"887":{"nParent":893,"sClass":"OutputPort","bIsMovable":true,"nX":140,"nY":40},"888":{"nParent":893,"sClass":"OutputPort","bIsMovable":true,"nX":140,"nY":100},"889":{"nParent":893,"sClass":"OutputPort","bIsMovable":true,"nX":140,"nY":160},"890":{"nParent":893,"sClass":"OutputPort","bIsMovable":true,"nX":140,"nY":220},"891":{"nParent":893,"sClass":"OutputPort","bIsMovable":true,"nX":70,"nY":280},"892":{"nParent":893,"sClass":"NameText","bIsMovable":false,"nX":70,"nY":110,"sText":"Four Full adders"},"893":{"sClass":"Chip","aElements":[878,879,880,881,882,883,884,885,886,887,888,889,890,891,892],"nX":550,"nY":1160},"894":{"sClass":"WireLine","nPoint1":861,"nPoint2":879},"895":{"sClass":"WireLine","nPoint1":862,"nPoint2":881},"896":{"sClass":"WirePoint","bIsMovable":true,"nX":550,"nY":1300},"897":{"sClass":"WireLine","nPoint1":863,"nPoint2":896},"898":{"sClass":"WirePoint","bIsMovable":true,"nX":560,"nY":840},"899":{"sClass":"WireLine","nPoint1":637,"nPoint2":898},"900":{"nParent":899,"sClass":"NameText","bIsMovable":true,"nX":-30,"nY":10,"sText":"0(false)"},"901":{"nParent":903,"sClass":"ViewPath","bIsMovable":false,"nX":0,"nY":0,"sPath":"M-2,5l4,-10"},"902":{"nParent":903,"sClass":"NameText","bIsMovable":false,"nX":5,"nY":-10,"sText":"1"},"903":{"nParent":899,"sClass":"BitWidth","aElements":[901,902],"nPos":10},"904":{"sClass":"WirePoint","bIsMovable":true,"nX":500,"nY":1320},"909":{"sClass":"WirePoint","bIsMovable":true,"nX":500,"nY":1320},"910":{"sClass":"WirePoint","bIsMovable":true,"nX":550,"nY":1320},"911":{"sClass":"WireLine","nPoint1":884,"nPoint2":910},"912":{"sClass":"WireLine","nPoint1":910,"nPoint2":909},"913":{"sClass":"WirePoint","bIsMovable":true,"nX":550,"nY":1260},"914":{"sClass":"WireLine","nPoint1":882,"nPoint2":913},"915":{"sClass":"WireLine","nPoint1":913,"nPoint2":873},"916":{"sClass":"WirePoint","bIsMovable":true,"nX":550,"nY":1200},"917":{"sClass":"WireLine","nPoint1":880,"nPoint2":916},"918":{"sClass":"WireLine","nPoint1":916,"nPoint2":872},"919":{"sClass":"WirePoint","bIsMovable":true,"nX":550,"nY":1380},"920":{"sClass":"WireLine","nPoint1":886,"nPoint2":919},"921":{"sClass":"WireLine","nPoint1":919,"nPoint2":875},"922":{"sClass":"WirePoint","bIsMovable":true,"nX":620,"nY":1440},"923":{"sClass":"WirePoint","bIsMovable":true,"nX":750,"nY":1440},"924":{"sClass":"WireLine","nPoint1":922,"nPoint2":923},"925":{"sClass":"WirePoint","bIsMovable":true,"nX":690,"nY":1380},"926":{"sClass":"WirePoint","bIsMovable":true,"nX":750,"nY":1380},"927":{"sClass":"WireLine","nPoint1":923,"nPoint2":926},"928":{"sClass":"WireLine","nPoint1":926,"nPoint2":925},"929":{"sClass":"WirePoint","bIsMovable":true,"nX":750,"nY":1320},"930":{"sClass":"WireLine","nPoint1":926,"nPoint2":929},"931":{"sClass":"WireLine","nPoint1":929,"nPoint2":889},"932":{"sClass":"WirePoint","bIsMovable":true,"nX":750,"nY":1260},"933":{"sClass":"WireLine","nPoint1":929,"nPoint2":932},"934":{"sClass":"WireLine","nPoint1":932,"nPoint2":888},"935":{"sClass":"WirePoint","bIsMovable":true,"nX":750,"nY":1200},"936":{"sClass":"WireLine","nPoint1":932,"nPoint2":935},"937":{"sClass":"WireLine","nPoint1":935,"nPoint2":887},"944":{"sClass":"WirePoint","bIsMovable":true,"nX":750,"nY":1200},"945":{"sClass":"WirePoint","bIsMovable":true,"nX":750,"nY":1120},"946":{"sClass":"WireLine","nPoint1":944,"nPoint2":945},"947":{"sClass":"WireLine","nPoint1":945,"nPoint2":860},"948":{"sClass":"WirePoint","bIsMovable":true,"nX":750,"nY":1120},"949":{"sClass":"WirePoint","bIsMovable":true,"nX":260,"nY":1050},"957":{"sClass":"WirePoint","bIsMovable":true,"nX":190,"nY":990},"958":{"sClass":"WireLine","nPoint1":742,"nPoint2":957},"962":{"sClass":"WirePoint","bIsMovable":true,"nX":130,"nY":1300},"963":{"sClass":"WireLine","nPoint1":858,"nPoint2":962},"964":{"sClass":"WirePoint","bIsMovable":true,"nX":130,"nY":1240},"965":{"sClass":"WireLine","nPoint1":962,"nPoint2":964},"966":{"sClass":"WireLine","nPoint1":964,"nPoint2":857},"967":{"sClass":"WirePoint","bIsMovable":true,"nX":130,"nY":1180},"968":{"sClass":"WireLine","nPoint1":964,"nPoint2":967},"969":{"sClass":"WireLine","nPoint1":967,"nPoint2":856},"970":{"sClass":"WirePoint","bIsMovable":true,"nX":200,"nY":1120},"971":{"sClass":"WirePoint","bIsMovable":true,"nX":130,"nY":1120},"972":{"sClass":"WireLine","nPoint1":967,"nPoint2":971},"973":{"sClass":"WireLine","nPoint1":971,"nPoint2":970},"977":{"sClass":"WirePoint","bIsMovable":true,"nX":130,"nY":990},"978":{"sClass":"WireLine","nPoint1":957,"nPoint2":977},"979":{"sClass":"WireLine","nPoint1":977,"nPoint2":971},"987":{"sClass":"WirePoint","bIsMovable":true,"nX":330,"nY":990},"988":{"sClass":"WireLine","nPoint1":987,"nPoint2":957},"989":{"sClass":"WirePoint","bIsMovable":true,"nX":330,"nY":1200},"990":{"sClass":"WireLine","nPoint1":867,"nPoint2":989},"991":{"sClass":"WireLine","nPoint1":989,"nPoint2":987},"995":{"sClass":"WirePoint","bIsMovable":true,"nX":330,"nY":1260},"996":{"sClass":"WireLine","nPoint1":868,"nPoint2":995},"997":{"sClass":"WireLine","nPoint1":995,"nPoint2":987},"998":{"sClass":"WirePoint","bIsMovable":true,"nX":330,"nY":1320},"999":{"sClass":"WireLine","nPoint1":869,"nPoint2":998},"1000":{"sClass":"WireLine","nPoint1":998,"nPoint2":995},"1001":{"sClass":"WirePoint","bIsMovable":true,"nX":330,"nY":1320},"1002":{"sClass":"WirePoint","bIsMovable":true,"nX":330,"nY":1380},"1003":{"sClass":"WireLine","nPoint1":870,"nPoint2":1002},"1004":{"sClass":"WireLine","nPoint1":1002,"nPoint2":1001},"1005":{"sClass":"WirePoint","bIsMovable":true,"nX":140,"nY":420},"1006":{"sClass":"WirePoint","bIsMovable":true,"nX":140,"nY":950},"1007":{"sClass":"WireLine","nPoint1":1005,"nPoint2":1006},"1011":{"sClass":"WirePoint","bIsMovable":true,"nX":260,"nY":950},"1012":{"sClass":"WireLine","nPoint1":949,"nPoint2":1011},"1013":{"sClass":"WireLine","nPoint1":1011,"nPoint2":1006},"1014":{"sClass":"WirePoint","bIsMovable":true,"nX":440,"nY":950},"1015":{"sClass":"WireLine","nPoint1":871,"nPoint2":1014},"1016":{"sClass":"WireLine","nPoint1":1014,"nPoint2":1011},"1017":{"sClass":"WirePoint","bIsMovable":true,"nX":750,"nY":1280},"1018":{"sClass":"WirePoint","bIsMovable":true,"nX":1720,"nY":1280},"1019":{"sClass":"WireLine","nPoint1":1017,"nPoint2":1018},"1023":{"sClass":"WirePoint","bIsMovable":true,"nX":510,"nY":1360},"1024":{"sClass":"WireLine","nPoint1":885,"nPoint2":1023},"1025":{"nParent":1007,"sClass":"NameText","bIsMovable":true,"nX":-15,"nY":485,"sText":"b"},"1026":{"nParent":1028,"sClass":"ViewPath","bIsMovable":false,"nX":0,"nY":0,"sPath":"M-2,5l4,-10"},"1027":{"nParent":1028,"sClass":"NameText","bIsMovable":false,"nX":5,"nY":-10,"sText":"4"},"1028":{"nParent":1007,"sClass":"BitWidth","aElements":[1026,1027],"nPos":505},"1029":{"nParent":1031,"sClass":"ViewPath","bIsMovable":false,"nX":0,"nY":0,"sPath":"M-2,5l4,-10"},"1030":{"nParent":1031,"sClass":"NameText","bIsMovable":false,"nX":5,"nY":-10,"sText":"1"},"1031":{"nParent":1012,"sClass":"BitWidth","aElements":[1029,1030],"nPos":25},"1032":{"nParent":1034,"sClass":"ViewPath","bIsMovable":false,"nX":0,"nY":0,"sPath":"M-2,5l4,-10"},"1033":{"nParent":1034,"sClass":"NameText","bIsMovable":false,"nX":5,"nY":-10,"sText":"1"},"1034":{"nParent":1015,"sClass":"BitWidth","aElements":[1032,1033],"nPos":40},"1035":{"nParent":1037,"sClass":"ViewPath","bIsMovable":false,"nX":0,"nY":0,"sPath":"M-2,5l4,-10"},"1036":{"nParent":1037,"sClass":"NameText","bIsMovable":false,"nX":5,"nY":-10,"sText":"1"},"1037":{"nParent":947,"sClass":"BitWidth","aElements":[1035,1036],"nPos":20},"1041":{"nParent":1043,"sClass":"ViewPath","bIsMovable":false,"nX":0,"nY":0,"sPath":"M-2,5l4,-10"},"1042":{"nParent":1043,"sClass":"NameText","bIsMovable":false,"nX":5,"nY":-10,"sText":"1"},"1043":{"nParent":937,"sClass":"BitWidth","aElements":[1041,1042],"nPos":20},"1044":{"nParent":1046,"sClass":"ViewPath","bIsMovable":false,"nX":0,"nY":0,"sPath":"M-2,5l4,-10"},"1045":{"nParent":1046,"sClass":"NameText","bIsMovable":false,"nX":5,"nY":-10,"sText":"1"},"1046":{"nParent":934,"sClass":"BitWidth","aElements":[1044,1045],"nPos":20},"1047":{"nParent":1049,"sClass":"ViewPath","bIsMovable":false,"nX":0,"nY":0,"sPath":"M-2,5l4,-10"},"1048":{"nParent":1049,"sClass":"NameText","bIsMovable":false,"nX":5,"nY":-10,"sText":"1"},"1049":{"nParent":931,"sClass":"BitWidth","aElements":[1047,1048],"nPos":20},"1050":{"nParent":1052,"sClass":"ViewPath","bIsMovable":false,"nX":0,"nY":0,"sPath":"M-2,5l4,-10"},"1051":{"nParent":1052,"sClass":"NameText","bIsMovable":false,"nX":5,"nY":-10,"sText":"1"},"1052":{"nParent":928,"sClass":"BitWidth","aElements":[1050,1051],"nPos":20},"1053":{"nParent":1055,"sClass":"ViewPath","bIsMovable":false,"nX":0,"nY":0,"sPath":"M-2,5l4,-10"},"1054":{"nParent":1055,"sClass":"NameText","bIsMovable":false,"nX":5,"nY":-10,"sText":"1"},"1055":{"nParent":924,"sClass":"BitWidth","aElements":[1053,1054],"nPos":110},"1056":{"nParent":1058,"sClass":"ViewPath","bIsMovable":false,"nX":0,"nY":0,"sPath":"M-2,5l4,-10"},"1057":{"nParent":1058,"sClass":"NameText","bIsMovable":false,"nX":5,"nY":-10,"sText":"6"},"1058":{"nParent":1019,"sClass":"BitWidth","aElements":[1056,1057],"nPos":955},"1059":{"nParent":1061,"sClass":"ViewPath","bIsMovable":false,"nX":0,"nY":0,"sPath":"M-2,5l4,-10"},"1060":{"nParent":1061,"sClass":"NameText","bIsMovable":false,"nX":5,"nY":-10,"sText":"1"},"1061":{"nParent":918,"sClass":"BitWidth","aElements":[1059,1060],"nPos":10},"1062":{"nParent":1064,"sClass":"ViewPath","bIsMovable":false,"nX":0,"nY":0,"sPath":"M-2,5l4,-10"},"1063":{"nParent":1064,"sClass":"NameText","bIsMovable":false,"nX":5,"nY":-10,"sText":"1"},"1064":{"nParent":894,"sClass":"BitWidth","aElements":[1062,1063],"nPos":220},"1065":{"nParent":1067,"sClass":"ViewPath","bIsMovable":false,"nX":0,"nY":0,"sPath":"M-2,5l4,-10"},"1066":{"nParent":1067,"sClass":"NameText","bIsMovable":false,"nX":5,"nY":-10,"sText":"1"},"1067":{"nParent":915,"sClass":"BitWidth","aElements":[1065,1066],"nPos":10},"1068":{"nParent":1070,"sClass":"ViewPath","bIsMovable":false,"nX":0,"nY":0,"sPath":"M-2,5l4,-10"},"1069":{"nParent":1070,"sClass":"NameText","bIsMovable":false,"nX":5,"nY":-10,"sText":"1"},"1070":{"nParent":897,"sClass":"BitWidth","aElements":[1068,1069],"nPos":215},"1071":{"nParent":1073,"sClass":"ViewPath","bIsMovable":false,"nX":0,"nY":0,"sPath":"M-2,5l4,-10"},"1072":{"nParent":1073,"sClass":"NameText","bIsMovable":false,"nX":5,"nY":-10,"sText":"1"},"1073":{"nParent":912,"sClass":"BitWidth","aElements":[1071,1072],"nPos":10},"1074":{"nParent":1076,"sClass":"ViewPath","bIsMovable":false,"nX":0,"nY":0,"sPath":"M-2,5l4,-10"},"1075":{"nParent":1076,"sClass":"NameText","bIsMovable":false,"nX":5,"nY":-10,"sText":"1"},"1076":{"nParent":1024,"sClass":"BitWidth","aElements":[1074,1075],"nPos":10},"1077":{"nParent":1079,"sClass":"ViewPath","bIsMovable":false,"nX":0,"nY":0,"sPath":"M-2,5l4,-10"},"1078":{"nParent":1079,"sClass":"NameText","bIsMovable":false,"nX":5,"nY":-10,"sText":"1"},"1079":{"nParent":921,"sClass":"BitWidth","aElements":[1077,1078],"nPos":10},"1080":{"nParent":1082,"sClass":"ViewPath","bIsMovable":false,"nX":0,"nY":0,"sPath":"M-2,5l4,-10"},"1081":{"nParent":1082,"sClass":"NameText","bIsMovable":false,"nX":5,"nY":-10,"sText":"1"},"1082":{"nParent":1003,"sClass":"BitWidth","aElements":[1080,1081],"nPos":15},"1083":{"nParent":1085,"sClass":"ViewPath","bIsMovable":false,"nX":0,"nY":0,"sPath":"M-2,5l4,-10"},"1084":{"nParent":1085,"sClass":"NameText","bIsMovable":false,"nX":5,"nY":-10,"sText":"1"},"1085":{"nParent":999,"sClass":"BitWidth","aElements":[1083,1084],"nPos":10},"1086":{"nParent":1088,"sClass":"ViewPath","bIsMovable":false,"nX":0,"nY":0,"sPath":"M-2,5l4,-10"},"1087":{"nParent":1088,"sClass":"NameText","bIsMovable":false,"nX":5,"nY":-10,"sText":"1"},"1088":{"nParent":996,"sClass":"BitWidth","aElements":[1086,1087],"nPos":10},"1089":{"nParent":1091,"sClass":"ViewPath","bIsMovable":false,"nX":0,"nY":0,"sPath":"M-2,5l4,-10"},"1090":{"nParent":1091,"sClass":"NameText","bIsMovable":false,"nX":5,"nY":-10,"sText":"1"},"1091":{"nParent":990,"sClass":"BitWidth","aElements":[1089,1090],"nPos":10},"1092":{"nParent":1094,"sClass":"ViewPath","bIsMovable":false,"nX":0,"nY":0,"sPath":"M-2,5l4,-10"},"1093":{"nParent":1094,"sClass":"NameText","bIsMovable":false,"nX":5,"nY":-10,"sText":"1"},"1094":{"nParent":973,"sClass":"BitWidth","aElements":[1092,1093],"nPos":55},"1095":{"nParent":1097,"sClass":"ViewPath","bIsMovable":false,"nX":0,"nY":0,"sPath":"M-2,5l4,-10"},"1096":{"nParent":1097,"sClass":"NameText","bIsMovable":false,"nX":5,"nY":-10,"sText":"1"},"1097":{"nParent":969,"sClass":"BitWidth","aElements":[1095,1096],"nPos":55},"1098":{"nParent":1100,"sClass":"ViewPath","bIsMovable":false,"nX":0,"nY":0,"sPath":"M-2,5l4,-10"},"1099":{"nParent":1100,"sClass":"NameText","bIsMovable":false,"nX":5,"nY":-10,"sText":"1"},"1100":{"nParent":966,"sClass":"BitWidth","aElements":[1098,1099],"nPos":55},"1101":{"nParent":1103,"sClass":"ViewPath","bIsMovable":false,"nX":0,"nY":0,"sPath":"M-2,5l4,-10"},"1102":{"nParent":1103,"sClass":"NameText","bIsMovable":false,"nX":5,"nY":-10,"sText":"1"},"1103":{"nParent":963,"sClass":"BitWidth","aElements":[1101,1102],"nPos":15},"1104":{"nParent":1106,"sClass":"ViewPath","bIsMovable":false,"nX":0,"nY":0,"sPath":"M-2,5l4,-10"},"1105":{"nParent":1106,"sClass":"NameText","bIsMovable":false,"nX":5,"nY":-10,"sText":"4"},"1106":{"nParent":979,"sClass":"BitWidth","aElements":[1104,1105],"nPos":65},"1107":{"nParent":1109,"sClass":"ViewPath","bIsMovable":false,"nX":0,"nY":0,"sPath":"M-2,5l4,-10"},"1108":{"nParent":1109,"sClass":"NameText","bIsMovable":false,"nX":5,"nY":-10,"sText":"4"},"1109":{"nParent":997,"sClass":"BitWidth","aElements":[1107,1108],"nPos":200},"1110":{"nParent":979,"sClass":"NameText","bIsMovable":true,"nX":15,"nY":55,"sText":"a"},"1111":{"nParent":997,"sClass":"NameText","bIsMovable":true,"nX":10,"nY":-215,"sText":"a"},"1112":{"nParent":1012,"sClass":"NameText","bIsMovable":true,"nX":15,"nY":-75,"sText":"b[2]"},"1113":{"nParent":1015,"sClass":"NameText","bIsMovable":true,"nX":20,"nY":-65,"sText":"b[3]"},"1114":{"nParent":973,"sClass":"NameText","bIsMovable":true,"nX":30,"nY":-10,"sText":"a[0]"},"1115":{"nParent":969,"sClass":"NameText","bIsMovable":true,"nX":30,"nY":-10,"sText":"a[1]"},"1116":{"nParent":966,"sClass":"NameText","bIsMovable":true,"nX":30,"nY":-10,"sText":"a[2]"},"1117":{"nParent":963,"sClass":"NameText","bIsMovable":true,"nX":-40,"nY":-10,"sText":"a[3]"},"1118":{"nParent":990,"sClass":"NameText","bIsMovable":true,"nX":-30,"nY":-10,"sText":"a[0]"},"1119":{"nParent":996,"sClass":"NameText","bIsMovable":true,"nX":-30,"nY":-10,"sText":"a[1]"},"1120":{"nParent":999,"sClass":"NameText","bIsMovable":true,"nX":-30,"nY":-10,"sText":"a[2]"},"1121":{"nParent":1003,"sClass":"NameText","bIsMovable":true,"nX":-30,"nY":-10,"sText":"a[3]"},"1122":{"nParent":937,"sClass":"NameText","bIsMovable":true,"nX":-40,"nY":-10,"sText":"t[1]"},"1123":{"nParent":947,"sClass":"NameText","bIsMovable":true,"nX":-40,"nY":-10,"sText":"t[0]"},"1124":{"nParent":934,"sClass":"NameText","bIsMovable":true,"nX":-40,"nY":-10,"sText":"t[2]"},"1125":{"nParent":931,"sClass":"NameText","bIsMovable":true,"nX":-40,"nY":-10,"sText":"t[3]"},"1126":{"nParent":928,"sClass":"NameText","bIsMovable":true,"nX":-40,"nY":-10,"sText":"t[4]"},"1127":{"nParent":924,"sClass":"NameText","bIsMovable":true,"nX":90,"nY":-10,"sText":"t[5]"},"1128":{"nParent":1019,"sClass":"NameText","bIsMovable":true,"nX":980,"nY":-15,"sText":"t"},"1129":{"nParent":1024,"sClass":"NameText","bIsMovable":true,"nX":-40,"nY":-10,"sText":"0(false)"},"1130":{"sClass":"WirePoint","bIsMovable":true,"nX":120,"nY":-120},"1131":{"sClass":"WirePoint","bIsMovable":true,"nX":1680,"nY":-120},"1132":{"sClass":"WireLine","nPoint1":1130,"nPoint2":1131},"1133":{"sClass":"WirePoint","bIsMovable":true,"nX":120,"nY":-120},"1134":{"sClass":"WirePoint","bIsMovable":true,"nX":1680,"nY":1490},"1135":{"sClass":"WirePoint","bIsMovable":true,"nX":1680,"nY":-120},"1136":{"sClass":"WireLine","nPoint1":1133,"nPoint2":1135},"1137":{"sClass":"WireLine","nPoint1":1135,"nPoint2":1134},"1138":{"sClass":"WirePoint","bIsMovable":true,"nX":120,"nY":-120},"1139":{"sClass":"WirePoint","bIsMovable":true,"nX":120,"nY":1490},"1140":{"sClass":"WireLine","nPoint1":1134,"nPoint2":1139},"1141":{"sClass":"WireLine","nPoint1":1139,"nPoint2":1138}},"aChips":[{"sPath":"M0,70h20v60h-20h20v60h-20h20v60h-20h20v40h80v-40h20h-20v-60h20h-20v-60h20h-20v-60h20h-20v-40h-40v-30v30h-40v40z","aInputs":[{"nX":0,"nY":70},{"nX":0,"nY":130},{"nX":0,"nY":190},{"nX":0,"nY":250},{"nX":60,"nY":0}],"aOutputs":[{"nX":120,"nY":70},{"nX":120,"nY":130},{"nX":120,"nY":190},{"nX":120,"nY":250}],"oName":{"nX":65,"nY":150,"sText":"Four ands"},"nHeight":290,"nWidth":120},{"sPath":"M0,20h20v40h-20h20v20h-20h20v40h-20h20v20h-20h20v40h-20h20v20h-20h20v40h-20h20v20h50v20v-20h50v-40h20h-20v-60h20h-20v-60h20h-20v-60h20h-20v-40h-100v20z","aInputs":[{"nX":0,"nY":20},{"nX":0,"nY":60},{"nX":0,"nY":80},{"nX":0,"nY":120},{"nX":0,"nY":140},{"nX":0,"nY":180},{"nX":0,"nY":200},{"nX":0,"nY":240}],"aOutputs":[{"nX":140,"nY":40},{"nX":140,"nY":100},{"nX":140,"nY":160},{"nX":140,"nY":220},{"nX":70,"nY":280}],"oName":{"nX":70,"nY":110,"sText":"Four Full adders"},"nHeight":280,"nWidth":140}]}